{"74416fa3-b55c-4acb-be20-bf03331439e4":["collision.xcs"],"\u0000ell1":["collision.xcs","usedMaterial.vxmat"],"\u0000obby":["blocks/lod0/-1.-1.-1.chunk","blocks/lod0/-1.-1.0.chunk","blocks/lod0/-1.0.-1.chunk","blocks/lod0/-1.0.0.chunk","blocks/lod0/0.-1.-1.chunk","blocks/lod0/0.-1.0.chunk","blocks/lod0/0.0.-1.chunk","blocks/lod0/0.0.0.chunk","collision.xcs","meta.vxbm","usedMaterial.vxmat"],"\u0000ap001":["collision.xcs","usedMaterial.vxmat"],"\u0000vp1":["blocks/lod0/-1.-1.-1.chunk","blocks/lod0/-1.-1.0.chunk","blocks/lod0/0.-1.-1.chunk","blocks/lod0/0.-1.0.chunk","collision.xcs","meta.vxbm","usedMaterial.vxmat"],"\u0000vp2":["collision.xcs","usedMaterial.vxmat"],"\u0000vp3":["collision.xcs","usedMaterial.vxmat"],"\u0000vp4":["collision.xcs"],"\u0000peed1":["collision.xcs","usedMaterial.vxmat"],"\u0000peed10":["collision.xcs","usedMaterial.vxmat"],"\u0000peed11":["collision.xcs","usedMaterial.vxmat"],"\u0000peed12":["collision.xcs","usedMaterial.vxmat"],"\u0000peed13":["collision.xcs","usedMaterial.vxmat"],"\u0000peed14":["collision.xcs","usedMaterial.vxmat"],"\u0000peed15":["collision.xcs","usedMaterial.vxmat"],"\u0000peed16":["collision.xcs","usedMaterial.vxmat"],"\u0000peed16_2":["collision.xcs","usedMaterial.vxmat"],"\u0000peed17":["collision.xcs","usedMaterial.vxmat"],"\u0000peed18":["collision.xcs","usedMaterial.vxmat"],"\u0000peed19":["collision.xcs","usedMaterial.vxmat"],"\u0000peed2":["collision.xcs","usedMaterial.vxmat"],"\u0000peed20":["collision.xcs","usedMaterial.vxmat"],"\u0000peed21":["collision.xcs","usedMaterial.vxmat"],"\u0000peed3":["collision.xcs","usedMaterial.vxmat"],"\u0000peed4":["collision.xcs","usedMaterial.vxmat"],"\u0000peed5":["collision.xcs","usedMaterial.vxmat"],"\u0000peed6":["collision.xcs","usedMaterial.vxmat"],"\u0000peed7":["collision.xcs","usedMaterial.vxmat"],"speed8":["collision.xcs","usedMaterial.vxmat"],"speed9":["collision.xcs","usedMaterial.vxmat"]}