{
  "canBreak": true,
  "hideCloud": true,
  "moveDownGravity": 0.15,
  "scene": [
    {
      "class": "VoxelTerrain",
      "properties": {
        "id": "8506456736358432769",
        "name": "VoxelTerrain",
        "uniqueKey": ""
      }
    },
    {
      "class": "Entity",
      "config": "myplugin/player1",
      "properties": {
        "id": "8506457414202294273",
        "name": "Player",
        "needSync": "true",
        "position": "x:0 y:0.99990272521973 z:0",
        "rotation": "x:0 y:0 z:0",
        "scale": "x:1 y:1 z:1",
        "selectable": "true"
      }
    },
    {
      "class": "Part",
      "properties": {
        "angleVelocity": "x:0 y:0 z:0",
        "bloom": "false",
        "booleanOperation": "0",
        "btsKey": "909742ef-e01b-4917-b881-666b7e5d7e51",
        "cameraCollideEnable": "true",
        "cameraEnableCollide": "true",
        "collisionUniqueKey": "",
        "customThreshold": "1",
        "density": "3.4",
        "discardAlpha": "1.0",
        "friction": "0.4",
        "id": "8523759104669138945",
        "isLockedInEditor": "false",
        "isVisibleInEditor": "true",
        "lineVelocity": "x:0 y:0 z:0",
        "mass": "1825.0340454102",
        "materialAlpha": "1.0",
        "materialColor": "r:0.97647058823529 g:1.0 b:0.8 a:1.0",
        "materialOffset": "x:1 y:1 z:1.0",
        "materialTexture": "part_shatu.tga",
        "name": "Part",
        "needSync": "true",
        "partNavMeshType": "1",
        "position": "x:0 y:-1.6839029788971 z:2.0400004386902",
        "restitution": "0.06",
        "rotation": "x:0 y:0 z:0",
        "scale": "x:9.99996 y:5.36779 z:9.99996",
        "selectable": "true",
        "shape": "1",
        "staticBatchNo": "",
        "staticObject": "false",
        "useAnchor": "true",
        "useCollide": "true",
        "useGravity": "false",
        "useTextureAlpha": "false"
      }
    },
    {
      "class": "Part",
      "properties": {
        "angleVelocity": "x:0 y:0 z:0",
        "bloom": "false",
        "booleanOperation": "0",
        "btsKey": "d7fdf716-655d-4af8-ae53-0917059d1362",
        "cameraCollideEnable": "true",
        "cameraEnableCollide": "true",
        "collisionUniqueKey": "",
        "customThreshold": "1",
        "density": "3.4",
        "discardAlpha": "1.0",
        "friction": "0.4",
        "id": "8523917021464576001",
        "isLockedInEditor": "false",
        "isVisibleInEditor": "true",
        "lineVelocity": "x:0 y:0 z:0",
        "mass": "1831.8182739258",
        "materialAlpha": "1.0",
        "materialColor": "r:0.97647058823529 g:1.0 b:0.8 a:1.0",
        "materialOffset": "x:1 y:1 z:1.0",
        "materialTexture": "part_shatu.tga",
        "name": "Part",
        "needSync": "true",
        "partNavMeshType": "1",
        "position": "x:1.2023710012436 y:-1.6839029788971 z:20.535865783691",
        "restitution": "0.06",
        "rotation": "x:0 y:29.999996185303 z:0",
        "scale": "x:7.88325 y:5.36778 z:12.7322",
        "selectable": "true",
        "shape": "1",
        "staticBatchNo": "",
        "staticObject": "false",
        "useAnchor": "true",
        "useCollide": "true",
        "useGravity": "false",
        "useTextureAlpha": "false"
      }
    },
    {
      "class": "Part",
      "properties": {
        "angleVelocity": "x:0 y:0 z:0",
        "bloom": "false",
        "booleanOperation": "0",
        "btsKey": "c755d79d-9f2e-4a50-bfe4-e7d8d90db585",
        "cameraCollideEnable": "true",
        "cameraEnableCollide": "true",
        "collisionUniqueKey": "",
        "customThreshold": "1",
        "density": "3.4",
        "discardAlpha": "1.0",
        "friction": "0.4",
        "id": "8523917787983855617",
        "isLockedInEditor": "false",
        "isVisibleInEditor": "true",
        "lineVelocity": "x:0 y:0 z:0",
        "mass": "3986.9748046875",
        "materialAlpha": "1.0",
        "materialColor": "r:0.97647058823529 g:1.0 b:0.8 a:1.0",
        "materialOffset": "x:1 y:1 z:1.0",
        "materialTexture": "part_shatu.tga",
        "name": "Part",
        "needSync": "true",
        "partNavMeshType": "1",
        "position": "x:0 y:0 z:42.27",
        "restitution": "0.06",
        "rotation": "x:-24.824281692505 y:-57.394329071045 z:-4.250280380249",
        "scale": "x:16.4469 y:8.20438 z:8.6903",
        "selectable": "true",
        "shape": "1",
        "staticBatchNo": "",
        "staticObject": "false",
        "useAnchor": "true",
        "useCollide": "true",
        "useGravity": "false",
        "useTextureAlpha": "false"
      }
    },
    {
      "children": [
        {
          "class": "Part",
          "properties": {
            "angleVelocity": "x:0 y:0 z:0",
            "bloom": "false",
            "booleanOperation": "0",
            "btsKey": "66395b29-4e36-4d58-bf07-477ecef243e0",
            "cameraCollideEnable": "true",
            "collisionUniqueKey": "",
            "customThreshold": "1",
            "density": "2.2",
            "discardAlpha": "1.0",
            "friction": "0.37",
            "id": "8523915522037219329",
            "isLockedInEditor": "true",
            "isVisibleInEditor": "true",
            "lineVelocity": "x:0 y:0 z:0",
            "mass": "541040.603125",
            "materialAlpha": "0.7",
            "materialColor": "r:0.0 g:1.0 b:1.0 a:1.0",
            "materialOffset": "x:1 y:1 z:1.0",
            "materialTexture": "part_suliao.tga",
            "name": "Part",
            "needSync": "true",
            "partNavMeshType": "1",
            "position": "x:-47.611946105957 y:-1.9701836109161 z:111.16325378418",
            "restitution": "0.3",
            "rotation": "x:0 y:0 z:0",
            "scale": "x:164.332 y:4.79506 z:312.098",
            "selectable": "true",
            "shape": "1",
            "staticBatchNo": "",
            "staticObject": "false",
            "useAnchor": "true",
            "useCollide": "false",
            "useGravity": "false",
            "useTextureAlpha": "false"
          }
        },
        {
          "class": "Part",
          "properties": {
            "angleVelocity": "x:0 y:0 z:0",
            "bloom": "false",
            "booleanOperation": "0",
            "btsKey": "4a7f6848-fc87-4c2c-a0ef-bc624194c2be",
            "cameraCollideEnable": "true",
            "collisionUniqueKey": "",
            "customThreshold": "1",
            "density": "2.2",
            "discardAlpha": "1.0",
            "friction": "0.37",
            "id": "8523921628220358657",
            "isLockedInEditor": "true",
            "isVisibleInEditor": "true",
            "lineVelocity": "x:0 y:0 z:0",
            "mass": "135478.715625",
            "materialAlpha": "1.0",
            "materialColor": "r:0.0 g:0.48235294117647 b:1.0 a:1.0",
            "materialOffset": "x:1 y:1 z:1.0",
            "materialTexture": "part_suliao.tga",
            "name": "Part",
            "needSync": "true",
            "partNavMeshType": "1",
            "position": "x:-47.61950302124 y:-4.1608033180237 z:111.23522949219",
            "restitution": "0.3",
            "rotation": "x:0 y:0 z:0",
            "scale": "x:164.348 y:1.20002 z:312.245",
            "selectable": "true",
            "shape": "1",
            "staticBatchNo": "",
            "staticObject": "false",
            "useAnchor": "true",
            "useCollide": "false",
            "useGravity": "false",
            "useTextureAlpha": "false"
          }
        }
      ],
      "class": "Model",
      "properties": {
        "id": "8523922454007463937",
        "name": "Model",
        "needSync": "true",
        "position": "x:-46.320596694946 y:-2.166715502739 z:80.277305603027",
        "rotation": "x:0 y:0 z:0",
        "scale": "x:1 y:1 z:1",
        "selectable": "true"
      }
    },
    {
      "class": "Part",
      "properties": {
        "angleVelocity": "x:0 y:0 z:0",
        "bloom": "false",
        "booleanOperation": "0",
        "btsKey": "89ef9fed-2ca1-43c3-91df-b25c1200dc7f",
        "cameraCollideEnable": "true",
        "cameraEnableCollide": "true",
        "collisionUniqueKey": "",
        "customThreshold": "1",
        "density": "3.4",
        "discardAlpha": "1.0",
        "friction": "0.4",
        "id": "8523922905581043713",
        "isLockedInEditor": "false",
        "isVisibleInEditor": "true",
        "lineVelocity": "x:0 y:0 z:0",
        "mass": "8889.9009765625",
        "materialAlpha": "1.0",
        "materialColor": "r:0.97647058823529 g:1.0 b:0.8 a:1.0",
        "materialOffset": "x:1 y:1 z:1.0",
        "materialTexture": "part_shatu.tga",
        "name": "Part",
        "needSync": "true",
        "partNavMeshType": "1",
        "position": "x:0 y:0.54825711250305 z:63.040000915527",
        "restitution": "0.06",
        "rotation": "x:-20.000007629395 y:-7.2425598318659e-07 z:9.9999980926514",
        "scale": "x:21 y:13.8343 z:8.99998",
        "selectable": "true",
        "shape": "1",
        "staticBatchNo": "",
        "staticObject": "false",
        "useAnchor": "true",
        "useCollide": "true",
        "useGravity": "false",
        "useTextureAlpha": "false"
      }
    },
    {
      "class": "Part",
      "properties": {
        "angleVelocity": "x:0 y:0 z:0",
        "bloom": "false",
        "booleanOperation": "0",
        "btsKey": "e5d3275d-fd77-4687-952f-3a1b3962c8e7",
        "cameraCollideEnable": "true",
        "cameraEnableCollide": "true",
        "collisionUniqueKey": "",
        "customThreshold": "1",
        "density": "3.4",
        "discardAlpha": "1.0",
        "friction": "0.4",
        "id": "8523923733682356225",
        "isLockedInEditor": "false",
        "isVisibleInEditor": "true",
        "lineVelocity": "x:0 y:0 z:0",
        "mass": "2709.8639160156",
        "materialAlpha": "1.0",
        "materialColor": "r:0.97647058823529 g:1.0 b:0.8 a:1.0",
        "materialOffset": "x:1 y:1 z:1.0",
        "materialTexture": "part_shatu.tga",
        "name": "Part",
        "needSync": "true",
        "partNavMeshType": "1",
        "position": "x:-6 y:2.4618473052979 z:149.31259155273",
        "restitution": "0.06",
        "rotation": "x:0 y:0 z:10.000000953674",
        "scale": "x:7.99994 y:11.6592 z:8.54502",
        "selectable": "true",
        "shape": "1",
        "staticBatchNo": "",
        "staticObject": "false",
        "useAnchor": "true",
        "useCollide": "true",
        "useGravity": "false",
        "useTextureAlpha": "false"
      }
    },
    {
      "class": "Part",
      "properties": {
        "angleVelocity": "x:0 y:0 z:0",
        "bloom": "false",
        "booleanOperation": "0",
        "btsKey": "7c509ab6-28d5-499f-923d-ffa864e0f24e",
        "cameraCollideEnable": "true",
        "cameraEnableCollide": "true",
        "collisionUniqueKey": "",
        "customThreshold": "1",
        "density": "3.4",
        "discardAlpha": "1.0",
        "friction": "0.4",
        "id": "8523924922301857793",
        "isLockedInEditor": "false",
        "isVisibleInEditor": "true",
        "lineVelocity": "x:0 y:0 z:0",
        "mass": "3291.5756103516",
        "materialAlpha": "1.0",
        "materialColor": "r:0.97647058823529 g:1.0 b:0.8 a:1.0",
        "materialOffset": "x:1 y:1 z:1.0",
        "materialTexture": "part_shatu.tga",
        "name": "Part",
        "needSync": "true",
        "partNavMeshType": "1",
        "position": "x:-1.5017751455307 y:2.448105096817 z:101.28172302246",
        "restitution": "0.06",
        "rotation": "x:3.5149123505107e-06 y:5.7115743341482e-13 z:20",
        "scale": "x:11.772 y:11.6592 z:7.05352",
        "selectable": "true",
        "shape": "1",
        "staticBatchNo": "",
        "staticObject": "false",
        "useAnchor": "true",
        "useCollide": "true",
        "useGravity": "false",
        "useTextureAlpha": "false"
      }
    },
    {
      "class": "Part",
      "properties": {
        "angleVelocity": "x:0 y:0 z:0",
        "bloom": "false",
        "booleanOperation": "0",
        "btsKey": "160e0bd5-340f-4e55-93b0-d6b671c77986",
        "cameraCollideEnable": "true",
        "cameraEnableCollide": "true",
        "collisionUniqueKey": "",
        "customThreshold": "1",
        "density": "3.4",
        "discardAlpha": "1.0",
        "friction": "0.4",
        "id": "8523926210146615297",
        "isLockedInEditor": "false",
        "isVisibleInEditor": "true",
        "lineVelocity": "x:0 y:0 z:0",
        "mass": "3311.1434570312",
        "materialAlpha": "1.0",
        "materialColor": "r:0.97647058823529 g:1.0 b:0.8 a:1.0",
        "materialOffset": "x:1 y:1 z:1.0",
        "materialTexture": "part_shatu.tga",
        "name": "Part",
        "needSync": "true",
        "partNavMeshType": "1",
        "position": "x:0.28063189983368 y:3.0968482494354 z:116.28172302246",
        "restitution": "0.06",
        "rotation": "x:3.5149123505107e-06 y:5.7115743341482e-13 z:20",
        "scale": "x:11.842 y:11.6592 z:7.05351",
        "selectable": "true",
        "shape": "1",
        "staticBatchNo": "",
        "staticObject": "false",
        "useAnchor": "true",
        "useCollide": "true",
        "useGravity": "false",
        "useTextureAlpha": "false"
      }
    },
    {
      "class": "Part",
      "properties": {
        "angleVelocity": "x:0 y:0 z:0",
        "bloom": "false",
        "booleanOperation": "0",
        "btsKey": "4b7e59ef-92e7-46b2-99fc-01abd00378a3",
        "cameraCollideEnable": "true",
        "cameraEnableCollide": "true",
        "collisionUniqueKey": "",
        "customThreshold": "1",
        "density": "3.4",
        "discardAlpha": "1.0",
        "friction": "0.4",
        "id": "8523926749237968897",
        "isLockedInEditor": "false",
        "isVisibleInEditor": "true",
        "lineVelocity": "x:0 y:0 z:0",
        "mass": "4845.6686279297",
        "materialAlpha": "1.0",
        "materialColor": "r:0.97647058823529 g:1.0 b:0.8 a:1.0",
        "materialOffset": "x:1 y:1 z:1.0",
        "materialTexture": "part_shatu.tga",
        "name": "Part",
        "needSync": "true",
        "partNavMeshType": "1",
        "position": "x:-9 y:1.4618464708328 z:81.679962158203",
        "restitution": "0.06",
        "rotation": "x:-9.9999990463257 y:0 z:0",
        "scale": "x:7.99997 y:11.6592 z:15.2798",
        "selectable": "true",
        "shape": "1",
        "staticBatchNo": "",
        "staticObject": "false",
        "useAnchor": "true",
        "useCollide": "true",
        "useGravity": "false",
        "useTextureAlpha": "false"
      }
    },
    {
      "class": "Part",
      "properties": {
        "angleVelocity": "x:0 y:0 z:0",
        "bloom": "false",
        "booleanOperation": "0",
        "btsKey": "a3c0d685-8f43-42ce-b775-87b2286f5edd",
        "cameraCollideEnable": "true",
        "cameraEnableCollide": "true",
        "collisionUniqueKey": "",
        "customThreshold": "1",
        "density": "3.4",
        "discardAlpha": "1.0",
        "friction": "0.4",
        "id": "8523927618106327041",
        "isLockedInEditor": "false",
        "isVisibleInEditor": "true",
        "lineVelocity": "x:0 y:0 z:0",
        "mass": "3816.0359863281",
        "materialAlpha": "1.0",
        "materialColor": "r:0.97647058823529 g:1.0 b:0.8 a:1.0",
        "materialOffset": "x:1 y:1 z:1.0",
        "materialTexture": "part_shatu.tga",
        "name": "Part",
        "needSync": "true",
        "partNavMeshType": "1",
        "position": "x:-6 y:2.4618473052979 z:134.056640625",
        "restitution": "0.06",
        "rotation": "x:0 y:0 z:10.000000953674",
        "scale": "x:7.99995 y:11.6592 z:12.0331",
        "selectable": "true",
        "shape": "1",
        "staticBatchNo": "",
        "staticObject": "false",
        "useAnchor": "true",
        "useCollide": "true",
        "useGravity": "false",
        "useTextureAlpha": "false"
      }
    },
    {
      "class": "Part",
      "properties": {
        "angleVelocity": "x:0 y:0 z:0",
        "bloom": "false",
        "booleanOperation": "0",
        "btsKey": "b957ce7b-7bc0-448c-a70d-4767cc2b5178",
        "cameraCollideEnable": "true",
        "cameraEnableCollide": "true",
        "collisionUniqueKey": "",
        "customThreshold": "1",
        "density": "3.4",
        "discardAlpha": "1.0",
        "friction": "0.4",
        "id": "8523928719738601473",
        "isLockedInEditor": "false",
        "isVisibleInEditor": "true",
        "lineVelocity": "x:0 y:0 z:0",
        "mass": "446.23464355469",
        "materialAlpha": "1.0",
        "materialColor": "r:0.97647058823529 g:1.0 b:0.8 a:1.0",
        "materialOffset": "x:1 y:1 z:1.0",
        "materialTexture": "part_shatu.tga",
        "name": "Part",
        "needSync": "true",
        "partNavMeshType": "1",
        "position": "x:-9.1914157867432 y:-1.0406903028488 z:168.1237487793",
        "restitution": "0.06",
        "rotation": "x:0 y:10 z:0",
        "scale": "x:3.30018 y:4.6541 z:8.54498",
        "selectable": "true",
        "shape": "1",
        "staticBatchNo": "",
        "staticObject": "false",
        "useAnchor": "true",
        "useCollide": "true",
        "useGravity": "false",
        "useTextureAlpha": "false"
      }
    },
    {
      "class": "Part",
      "properties": {
        "angleVelocity": "x:0 y:0 z:0",
        "bloom": "false",
        "booleanOperation": "0",
        "btsKey": "0dda76fd-0a86-4d9b-9d43-6f506c3926e6",
        "cameraCollideEnable": "true",
        "cameraEnableCollide": "true",
        "collisionUniqueKey": "",
        "customThreshold": "1",
        "density": "3.4",
        "discardAlpha": "1.0",
        "friction": "0.4",
        "id": "8523929435944894465",
        "isLockedInEditor": "false",
        "isVisibleInEditor": "true",
        "lineVelocity": "x:0 y:0 z:0",
        "mass": "1179.4435852051",
        "materialAlpha": "1.0",
        "materialColor": "r:0.97647058823529 g:1.0 b:0.8 a:1.0",
        "materialOffset": "x:1 y:1 z:1.0",
        "materialTexture": "part_shatu.tga",
        "name": "Part",
        "needSync": "true",
        "partNavMeshType": "1",
        "position": "x:-4.9983916282654 y:-1.0406903028488 z:166.92068481445",
        "restitution": "0.06",
        "rotation": "x:0 y:30.000005722046 z:0",
        "scale": "x:8.23975 y:4.65406 z:9.04591",
        "selectable": "true",
        "shape": "1",
        "staticBatchNo": "",
        "staticObject": "false",
        "useAnchor": "true",
        "useCollide": "true",
        "useGravity": "false",
        "useTextureAlpha": "false"
      }
    },
    {
      "class": "Part",
      "properties": {
        "angleVelocity": "x:0 y:0 z:0",
        "bloom": "false",
        "booleanOperation": "0",
        "btsKey": "b2d6e52f-e8b8-41f3-b781-b43a6820d277",
        "cameraCollideEnable": "true",
        "cameraEnableCollide": "true",
        "collisionUniqueKey": "",
        "customThreshold": "1",
        "density": "3.4",
        "discardAlpha": "1.0",
        "friction": "0.4",
        "id": "8523930262427467777",
        "isLockedInEditor": "false",
        "isVisibleInEditor": "true",
        "lineVelocity": "x:0 y:0 z:0",
        "mass": "532.29932250977",
        "materialAlpha": "1.0",
        "materialColor": "r:0.97647058823529 g:1.0 b:0.8 a:1.0",
        "materialOffset": "x:1 y:1 z:1.0",
        "materialTexture": "part_shatu.tga",
        "name": "Part",
        "needSync": "true",
        "partNavMeshType": "1",
        "position": "x:-1.0588456392288 y:-0.098769322037697 z:171.79820251465",
        "restitution": "0.06",
        "rotation": "x:-19.999998092651 y:30.000001907349 z:-6.1749160522595e-06",
        "scale": "x:6.29356 y:4.18179 z:5.94865",
        "selectable": "true",
        "shape": "1",
        "staticBatchNo": "",
        "staticObject": "false",
        "useAnchor": "true",
        "useCollide": "true",
        "useGravity": "false",
        "useTextureAlpha": "false"
      }
    },
    {
      "class": "Part",
      "properties": {
        "angleVelocity": "x:0 y:0 z:0",
        "bloom": "false",
        "booleanOperation": "0",
        "btsKey": "008d1175-638d-46c6-8d83-fb6da82ec73a",
        "cameraCollideEnable": "true",
        "cameraEnableCollide": "true",
        "collisionUniqueKey": "",
        "customThreshold": "1",
        "density": "3.4",
        "discardAlpha": "1.0",
        "friction": "0.4",
        "id": "8523931062714105857",
        "isLockedInEditor": "false",
        "isVisibleInEditor": "true",
        "lineVelocity": "x:0 y:0 z:0",
        "mass": "527.59158630371",
        "materialAlpha": "1.0",
        "materialColor": "r:0.97647058823529 g:1.0 b:0.8 a:1.0",
        "materialOffset": "x:1 y:1 z:1.0",
        "materialTexture": "part_shatu.tga",
        "name": "Part",
        "needSync": "true",
        "partNavMeshType": "1",
        "position": "x:-6.3206987380981 y:-0.17599831521511 z:174.33750915527",
        "restitution": "0.06",
        "rotation": "x:-20 y:10 z:0",
        "scale": "x:6.86366 y:4.75958 z:4.75001",
        "selectable": "true",
        "shape": "1",
        "staticBatchNo": "",
        "staticObject": "false",
        "useAnchor": "true",
        "useCollide": "true",
        "useGravity": "false",
        "useTextureAlpha": "false"
      }
    },
    {
      "class": "Part",
      "properties": {
        "angleVelocity": "x:0 y:0 z:0",
        "bloom": "false",
        "booleanOperation": "0",
        "btsKey": "51bc1c3c-5b8c-49d3-82a3-406eaade01a1",
        "cameraCollideEnable": "true",
        "cameraEnableCollide": "true",
        "collisionUniqueKey": "",
        "customThreshold": "1",
        "density": "3.4",
        "discardAlpha": "1.0",
        "friction": "0.4",
        "id": "8523934289681432577",
        "isLockedInEditor": "false",
        "isVisibleInEditor": "true",
        "lineVelocity": "x:0 y:0 z:0",
        "mass": "1838.2337402344",
        "materialAlpha": "1.0",
        "materialColor": "r:0.97647058823529 g:1.0 b:0.8 a:1.0",
        "materialOffset": "x:1 y:1 z:1.0",
        "materialTexture": "part_shatu.tga",
        "name": "Part",
        "needSync": "true",
        "partNavMeshType": "1",
        "position": "x:-5 y:-0.66445577144623 z:187.31259155273",
        "restitution": "0.06",
        "rotation": "x:0 y:9.9999990463257 z:0",
        "scale": "x:10 y:5.40657 z:10",
        "selectable": "true",
        "shape": "1",
        "staticBatchNo": "",
        "staticObject": "false",
        "useAnchor": "true",
        "useCollide": "true",
        "useGravity": "false",
        "useTextureAlpha": "false"
      }
    },
    {
      "class": "Part",
      "properties": {
        "angleVelocity": "x:0 y:0 z:0",
        "bloom": "false",
        "booleanOperation": "0",
        "btsKey": "937839f5-5207-4282-b047-24df59c7e70c",
        "cameraCollideEnable": "true",
        "cameraEnableCollide": "true",
        "collisionUniqueKey": "",
        "customThreshold": "1",
        "density": "3.4",
        "discardAlpha": "1.0",
        "friction": "0.4",
        "id": "8523936039140524033",
        "isLockedInEditor": "false",
        "isVisibleInEditor": "true",
        "lineVelocity": "x:0 y:0 z:0",
        "mass": "1838.2337402344",
        "materialAlpha": "1.0",
        "materialColor": "r:0.97647058823529 g:1.0 b:0.8 a:1.0",
        "materialOffset": "x:1 y:1 z:1.0",
        "materialTexture": "part_shatu.tga",
        "name": "Part",
        "needSync": "true",
        "partNavMeshType": "1",
        "position": "x:-5 y:-0.66445577144623 z:203.31259155273",
        "restitution": "0.06",
        "rotation": "x:0 y:-6.8301892497402e-07 z:0",
        "scale": "x:10 y:5.40657 z:10",
        "selectable": "true",
        "shape": "1",
        "staticBatchNo": "",
        "staticObject": "false",
        "useAnchor": "true",
        "useCollide": "true",
        "useGravity": "false",
        "useTextureAlpha": "false"
      }
    },
    {
      "class": "Part",
      "properties": {
        "angleVelocity": "x:0 y:0 z:0",
        "bloom": "false",
        "booleanOperation": "0",
        "btsKey": "eb8991f8-b38c-484e-b70d-807ed741d91e",
        "cameraCollideEnable": "true",
        "cameraEnableCollide": "true",
        "collisionUniqueKey": "",
        "customThreshold": "1",
        "density": "3.4",
        "discardAlpha": "1.0",
        "friction": "0.4",
        "id": "8523936780074074113",
        "isLockedInEditor": "false",
        "isVisibleInEditor": "true",
        "lineVelocity": "x:0 y:0 z:0",
        "mass": "1254.7099853516",
        "materialAlpha": "1.0",
        "materialColor": "r:0.97647058823529 g:1.0 b:0.8 a:1.0",
        "materialOffset": "x:1 y:1 z:1.0",
        "materialTexture": "part_shatu.tga",
        "name": "Part",
        "needSync": "true",
        "partNavMeshType": "1",
        "position": "x:-7.2143115997314 y:-0.91133278608322 z:218.5758972168",
        "restitution": "0.06",
        "rotation": "x:9.9999990463257 y:-19.999998092651 z:-2.0806674001506e-06",
        "scale": "x:6.33453 y:4.94292 z:11.786",
        "selectable": "true",
        "shape": "1",
        "staticBatchNo": "",
        "staticObject": "false",
        "useAnchor": "true",
        "useCollide": "true",
        "useGravity": "false",
        "useTextureAlpha": "false"
      }
    },
    {
      "class": "Part",
      "properties": {
        "angleVelocity": "x:0 y:0 z:0",
        "bloom": "false",
        "booleanOperation": "0",
        "btsKey": "9f907cbe-41d2-4ae6-a13f-f32b63343f73",
        "cameraCollideEnable": "true",
        "cameraEnableCollide": "true",
        "collisionUniqueKey": "",
        "customThreshold": "1",
        "density": "3.4",
        "discardAlpha": "1.0",
        "friction": "0.4",
        "id": "8523939029347008513",
        "isLockedInEditor": "false",
        "isVisibleInEditor": "true",
        "lineVelocity": "x:0 y:0 z:0",
        "mass": "459.55843505859",
        "materialAlpha": "1.0",
        "materialColor": "r:0.97647058823529 g:1.0 b:0.8 a:1.0",
        "materialOffset": "x:1 y:1 z:1.0",
        "materialTexture": "part_shatu.tga",
        "name": "Part",
        "needSync": "true",
        "partNavMeshType": "1",
        "position": "x:-16 y:-0.66445577144623 z:230.31259155273",
        "restitution": "0.06",
        "rotation": "x:-5 y:-1.707547028218e-07 z:-5",
        "scale": "x:5 y:5.40657 z:5",
        "selectable": "true",
        "shape": "1",
        "staticBatchNo": "",
        "staticObject": "false",
        "useAnchor": "true",
        "useCollide": "true",
        "useGravity": "false",
        "useTextureAlpha": "false"
      }
    },
    {
      "class": "Part",
      "properties": {
        "angleVelocity": "x:0 y:0 z:0",
        "bloom": "false",
        "booleanOperation": "0",
        "btsKey": "dd3ff8e8-7097-45f9-ab8e-e0741cb51cb7",
        "cameraCollideEnable": "true",
        "cameraEnableCollide": "true",
        "collisionUniqueKey": "",
        "customThreshold": "1",
        "density": "3.4",
        "discardAlpha": "1.0",
        "friction": "0.4",
        "id": "8523939771089928193",
        "isLockedInEditor": "false",
        "isVisibleInEditor": "true",
        "lineVelocity": "x:0 y:0 z:0",
        "mass": "39221.732617187",
        "materialAlpha": "1.0",
        "materialColor": "r:0.97647058823529 g:1.0 b:0.8 a:1.0",
        "materialOffset": "x:1 y:1 z:1.0",
        "materialTexture": "part_shatu.tga",
        "name": "Part",
        "needSync": "true",
        "partNavMeshType": "1",
        "position": "x:-38.399097442627 y:-2.3933670520782 z:245.05833435059",
        "restitution": "0.06",
        "rotation": "x:-5 y:-1.707547028218e-07 z:0",
        "scale": "x:29.7252 y:8.708 z:44.5661",
        "selectable": "true",
        "shape": "1",
        "staticBatchNo": "",
        "staticObject": "false",
        "useAnchor": "true",
        "useCollide": "true",
        "useGravity": "false",
        "useTextureAlpha": "false"
      }
    },
    {
      "class": "Part",
      "properties": {
        "angleVelocity": "x:0 y:0 z:0",
        "bloom": "false",
        "booleanOperation": "0",
        "btsKey": "3dc8af86-7c3b-4aef-ab8f-d93d2302c8ec",
        "cameraCollideEnable": "true",
        "cameraEnableCollide": "true",
        "collisionUniqueKey": "",
        "customThreshold": "1",
        "density": "3.4",
        "discardAlpha": "1.0",
        "friction": "0.4",
        "id": "8523999290750582785",
        "isLockedInEditor": "false",
        "isVisibleInEditor": "true",
        "lineVelocity": "x:0 y:0 z:0",
        "mass": "1838.2337402344",
        "materialAlpha": "1.0",
        "materialColor": "r:0.97647058823529 g:1.0 b:0.8 a:1.0",
        "materialOffset": "x:1 y:1 z:1.0",
        "materialTexture": "part_shatu.tga",
        "name": "Part",
        "needSync": "true",
        "partNavMeshType": "1",
        "position": "x:-63.91284942627 y:0.33173942565918 z:230.31259155273",
        "restitution": "0.06",
        "rotation": "x:0 y:-1.707547028218e-07 z:-5",
        "scale": "x:10 y:5.40657 z:10",
        "selectable": "true",
        "shape": "1",
        "staticBatchNo": "",
        "staticObject": "false",
        "useAnchor": "true",
        "useCollide": "true",
        "useGravity": "false",
        "useTextureAlpha": "false"
      }
    },
    {
      "class": "Part",
      "properties": {
        "angleVelocity": "x:0 y:0 z:0",
        "bloom": "false",
        "booleanOperation": "0",
        "btsKey": "0fa40680-1be0-4db4-80de-80a88f91960d",
        "cameraCollideEnable": "true",
        "cameraEnableCollide": "true",
        "collisionUniqueKey": "",
        "customThreshold": "1",
        "density": "3.4",
        "discardAlpha": "1.0",
        "friction": "0.4",
        "id": "8524000760178491393",
        "isLockedInEditor": "false",
        "isVisibleInEditor": "true",
        "lineVelocity": "x:0 y:0 z:0",
        "mass": "2174.1825439453",
        "materialAlpha": "1.0",
        "materialColor": "r:0.97647058823529 g:1.0 b:0.8 a:1.0",
        "materialOffset": "x:1 y:1 z:1.0",
        "materialTexture": "part_shatu.tga",
        "name": "Part",
        "needSync": "true",
        "partNavMeshType": "1",
        "position": "x:-83.687377929688 y:-0.69845974445343 z:224.44714355469",
        "restitution": "0.06",
        "rotation": "x:3.9756309888617e-06 y:40 z:-9.9999990463257",
        "scale": "x:7.945 y:5.40657 z:14.8868",
        "selectable": "true",
        "shape": "1",
        "staticBatchNo": "",
        "staticObject": "false",
        "useAnchor": "true",
        "useCollide": "true",
        "useGravity": "false",
        "useTextureAlpha": "false"
      }
    },
    {
      "class": "Part",
      "properties": {
        "angleVelocity": "x:0 y:0 z:0",
        "bloom": "false",
        "booleanOperation": "0",
        "btsKey": "9032c4bc-f24d-44a7-82f8-24ea5df8a201",
        "cameraCollideEnable": "true",
        "cameraEnableCollide": "true",
        "collisionUniqueKey": "",
        "customThreshold": "1",
        "density": "3.4",
        "discardAlpha": "1.0",
        "friction": "0.4",
        "id": "8524002190343864321",
        "isLockedInEditor": "false",
        "isVisibleInEditor": "true",
        "lineVelocity": "x:0 y:0 z:0",
        "mass": "3521.5213623047",
        "materialAlpha": "1.0",
        "materialColor": "r:0.97647058823529 g:1.0 b:0.8 a:1.0",
        "materialOffset": "x:1 y:1 z:1.0",
        "materialTexture": "part_shatu.tga",
        "name": "Part",
        "needSync": "true",
        "partNavMeshType": "1",
        "position": "x:-102.766746521 y:-0.88622653484344 z:213.79620361328",
        "restitution": "0.06",
        "rotation": "x:3.9756309888617e-06 y:-5.0473611835217e-13 z:-10.000001907349",
        "scale": "x:7.94498 y:9.18796 z:14.1886",
        "selectable": "true",
        "shape": "1",
        "staticBatchNo": "",
        "staticObject": "false",
        "useAnchor": "true",
        "useCollide": "true",
        "useGravity": "false",
        "useTextureAlpha": "false"
      }
    },
    {
      "class": "Part",
      "properties": {
        "angleVelocity": "x:0 y:0 z:0",
        "bloom": "false",
        "booleanOperation": "0",
        "btsKey": "a85c5b7e-7a33-4a60-8d07-5b7eec315613",
        "cameraCollideEnable": "true",
        "cameraEnableCollide": "true",
        "collisionUniqueKey": "",
        "customThreshold": "1",
        "density": "3.4",
        "discardAlpha": "1.0",
        "friction": "0.4",
        "id": "8524003021917700097",
        "isLockedInEditor": "false",
        "isVisibleInEditor": "true",
        "lineVelocity": "x:0 y:0 z:0",
        "mass": "4399.3829345703",
        "materialAlpha": "1.0",
        "materialColor": "r:0.97647058823529 g:1.0 b:0.8 a:1.0",
        "materialOffset": "x:1 y:1 z:1.0",
        "materialTexture": "part_shatu.tga",
        "name": "Part",
        "needSync": "true",
        "partNavMeshType": "1",
        "position": "x:-113.680519104 y:-0.03806284815073 z:195.15307617188",
        "restitution": "0.06",
        "rotation": "x:3.9756305341143e-06 y:-7.5423245123399e-13 z:-20.000001907349",
        "scale": "x:15.1881 y:13.3229 z:6.39456",
        "selectable": "true",
        "shape": "1",
        "staticBatchNo": "",
        "staticObject": "false",
        "useAnchor": "true",
        "useCollide": "true",
        "useGravity": "false",
        "useTextureAlpha": "false"
      }
    },
    {
      "class": "Part",
      "properties": {
        "angleVelocity": "x:0 y:0 z:0",
        "bloom": "false",
        "booleanOperation": "0",
        "btsKey": "490cd682-aa6d-4001-b5db-8c9c1d527094",
        "cameraCollideEnable": "true",
        "cameraEnableCollide": "true",
        "collisionUniqueKey": "",
        "customThreshold": "1",
        "density": "3.4",
        "discardAlpha": "1.0",
        "friction": "0.4",
        "id": "8524004237018103809",
        "isLockedInEditor": "false",
        "isVisibleInEditor": "true",
        "lineVelocity": "x:0 y:0 z:0",
        "mass": "4399.3829345703",
        "materialAlpha": "1.0",
        "materialColor": "r:0.97647058823529 g:1.0 b:0.8 a:1.0",
        "materialOffset": "x:1 y:1 z:1.0",
        "materialTexture": "part_shatu.tga",
        "name": "Part",
        "needSync": "true",
        "partNavMeshType": "1",
        "position": "x:-113.680519104 y:-0.038062702864408 z:181.15307617188",
        "restitution": "0.06",
        "rotation": "x:3.9756305341143e-06 y:-7.5423245123399e-13 z:-20.000001907349",
        "scale": "x:15.1881 y:13.3229 z:6.39456",
        "selectable": "true",
        "shape": "1",
        "staticBatchNo": "",
        "staticObject": "false",
        "useAnchor": "true",
        "useCollide": "true",
        "useGravity": "false",
        "useTextureAlpha": "false"
      }
    },
    {
      "class": "Part",
      "properties": {
        "angleVelocity": "x:0 y:0 z:0",
        "bloom": "false",
        "booleanOperation": "0",
        "btsKey": "ec7a69ca-24b3-4d97-8bd5-f8f2186789e5",
        "cameraCollideEnable": "true",
        "cameraEnableCollide": "true",
        "collisionUniqueKey": "",
        "customThreshold": "1",
        "density": "3.4",
        "discardAlpha": "1.0",
        "friction": "0.4",
        "id": "8524004395644960769",
        "isLockedInEditor": "false",
        "isVisibleInEditor": "true",
        "lineVelocity": "x:0 y:0 z:0",
        "mass": "1002.0270446777",
        "materialAlpha": "1.0",
        "materialColor": "r:0.97647058823529 g:1.0 b:0.8 a:1.0",
        "materialOffset": "x:1 y:1 z:1.0",
        "materialTexture": "part_shatu.tga",
        "name": "Part",
        "needSync": "true",
        "partNavMeshType": "1",
        "position": "x:-115.680519104 y:0.72909981012344 z:166.15307617188",
        "restitution": "0.06",
        "rotation": "x:3.9756296246196e-06 y:-1.6962676380704e-13 z:-8.9941329406429e-07",
        "scale": "x:4.99999 y:11.7886 z:4.99999",
        "selectable": "true",
        "shape": "1",
        "staticBatchNo": "",
        "staticObject": "false",
        "useAnchor": "true",
        "useCollide": "true",
        "useGravity": "false",
        "useTextureAlpha": "false"
      }
    },
    {
      "class": "Part",
      "properties": {
        "angleVelocity": "x:0 y:0 z:0",
        "bloom": "false",
        "booleanOperation": "0",
        "btsKey": "d02bf0c1-2166-4e9b-9a3c-759526c4c314",
        "cameraCollideEnable": "true",
        "cameraEnableCollide": "true",
        "collisionUniqueKey": "",
        "customThreshold": "1",
        "density": "3.4",
        "discardAlpha": "1.0",
        "friction": "0.4",
        "id": "8524005067876548609",
        "isLockedInEditor": "false",
        "isVisibleInEditor": "true",
        "lineVelocity": "x:0 y:0 z:0",
        "mass": "693.12270507813",
        "materialAlpha": "1.0",
        "materialColor": "r:0.97647058823529 g:1.0 b:0.8 a:1.0",
        "materialOffset": "x:1 y:1 z:1.0",
        "materialTexture": "part_shatu.tga",
        "name": "Part",
        "needSync": "true",
        "partNavMeshType": "1",
        "position": "x:-115.680519104 y:-1.0879647731781 z:151.15307617188",
        "restitution": "0.06",
        "rotation": "x:3.9756296246196e-06 y:-1.6962676380704e-13 z:-8.9941329406429e-07",
        "scale": "x:4.99998 y:8.15445 z:4.99998",
        "selectable": "true",
        "shape": "1",
        "staticBatchNo": "",
        "staticObject": "false",
        "useAnchor": "true",
        "useCollide": "true",
        "useGravity": "false",
        "useTextureAlpha": "false"
      }
    },
    {
      "class": "Part",
      "properties": {
        "angleVelocity": "x:0 y:0 z:0",
        "bloom": "false",
        "booleanOperation": "0",
        "btsKey": "317dd4fc-f785-4c9a-bffc-a1d1f5bde7c9",
        "cameraCollideEnable": "true",
        "cameraEnableCollide": "true",
        "collisionUniqueKey": "",
        "customThreshold": "1",
        "density": "3.4",
        "discardAlpha": "1.0",
        "friction": "0.4",
        "id": "8524006304052330497",
        "isLockedInEditor": "false",
        "isVisibleInEditor": "true",
        "lineVelocity": "x:0 y:0 z:0",
        "mass": "537.30064697266",
        "materialAlpha": "1.0",
        "materialColor": "r:0.97647058823529 g:1.0 b:0.8 a:1.0",
        "materialOffset": "x:1 y:1 z:1.0",
        "materialTexture": "part_shatu.tga",
        "name": "Part",
        "needSync": "true",
        "partNavMeshType": "1",
        "position": "x:-115.680519104 y:-2.0045561790466 z:138.15307617188",
        "restitution": "0.06",
        "rotation": "x:3.9756296246196e-06 y:-1.6962676380704e-13 z:-8.9941329406429e-07",
        "scale": "x:4.99997 y:6.32126 z:4.99997",
        "selectable": "true",
        "shape": "1",
        "staticBatchNo": "",
        "staticObject": "false",
        "useAnchor": "true",
        "useCollide": "true",
        "useGravity": "false",
        "useTextureAlpha": "false"
      }
    },
    {
      "class": "Part",
      "properties": {
        "angleVelocity": "x:0 y:0 z:0",
        "bloom": "false",
        "booleanOperation": "0",
        "btsKey": "1777df35-27d4-443b-addc-eb61688ad0d1",
        "cameraCollideEnable": "true",
        "cameraEnableCollide": "true",
        "collisionUniqueKey": "",
        "customThreshold": "1",
        "density": "3.4",
        "discardAlpha": "1.0",
        "friction": "0.4",
        "id": "8524006497421574145",
        "isLockedInEditor": "false",
        "isVisibleInEditor": "true",
        "lineVelocity": "x:0 y:0 z:0",
        "mass": "617.78528137207",
        "materialAlpha": "1.0",
        "materialColor": "r:0.97647058823529 g:1.0 b:0.8 a:1.0",
        "materialOffset": "x:1 y:1 z:1.0",
        "materialTexture": "part_shatu.tga",
        "name": "Part",
        "needSync": "true",
        "partNavMeshType": "1",
        "position": "x:-115.680519104 y:-1.26964366436 z:126.1644821167",
        "restitution": "0.06",
        "rotation": "x:5 y:-1.6962676380704e-13 z:-5",
        "scale": "x:4.99997 y:7.26815 z:4.99997",
        "selectable": "true",
        "shape": "1",
        "staticBatchNo": "",
        "staticObject": "false",
        "useAnchor": "true",
        "useCollide": "true",
        "useGravity": "false",
        "useTextureAlpha": "false"
      }
    },
    {
      "class": "Part",
      "properties": {
        "angleVelocity": "x:0 y:0 z:0",
        "bloom": "false",
        "booleanOperation": "0",
        "btsKey": "7714536b-4956-47d7-b212-933a3462bd51",
        "cameraCollideEnable": "true",
        "cameraEnableCollide": "true",
        "collisionUniqueKey": "",
        "customThreshold": "1",
        "density": "3.4",
        "discardAlpha": "1.0",
        "friction": "0.4",
        "id": "8524007253047230465",
        "isLockedInEditor": "false",
        "isVisibleInEditor": "true",
        "lineVelocity": "x:0 y:0 z:0",
        "mass": "913.28225097656",
        "materialAlpha": "1.0",
        "materialColor": "r:0.97647058823529 g:1.0 b:0.8 a:1.0",
        "materialOffset": "x:1 y:1 z:1.0",
        "materialTexture": "part_shatu.tga",
        "name": "Part",
        "needSync": "true",
        "partNavMeshType": "1",
        "position": "x:-115.680519104 y:-2.0045561790466 z:112.40365600586",
        "restitution": "0.06",
        "rotation": "x:3.9756296246196e-06 y:-1.6962676380704e-13 z:-8.9941329406429e-07",
        "scale": "x:4.99996 y:6.32125 z:8.49878",
        "selectable": "true",
        "shape": "1",
        "staticBatchNo": "",
        "staticObject": "false",
        "useAnchor": "true",
        "useCollide": "true",
        "useGravity": "false",
        "useTextureAlpha": "false"
      }
    },
    {
      "class": "Part",
      "properties": {
        "angleVelocity": "x:0 y:0 z:0",
        "bloom": "false",
        "booleanOperation": "0",
        "btsKey": "c7c24cd6-64c1-409b-ab41-10cbf8674fb0",
        "cameraCollideEnable": "true",
        "cameraEnableCollide": "true",
        "collisionUniqueKey": "",
        "customThreshold": "1",
        "density": "3.4",
        "discardAlpha": "1.0",
        "friction": "0.4",
        "id": "8524009257631940609",
        "isLockedInEditor": "false",
        "isVisibleInEditor": "true",
        "lineVelocity": "x:0 y:0 z:0",
        "mass": "731.99609375",
        "materialAlpha": "1.0",
        "materialColor": "r:0.97647058823529 g:1.0 b:0.8 a:1.0",
        "materialOffset": "x:1 y:1 z:1.0",
        "materialTexture": "part_shatu.tga",
        "name": "Part",
        "needSync": "true",
        "partNavMeshType": "1",
        "position": "x:-114.4520111084 y:-2.0045561790466 z:101.21702575684",
        "restitution": "0.06",
        "rotation": "x:0 y:9.9999923706055 z:0",
        "scale": "x:5.72701 y:6.32118 z:5.94708",
        "selectable": "true",
        "shape": "1",
        "staticBatchNo": "",
        "staticObject": "false",
        "useAnchor": "true",
        "useCollide": "true",
        "useGravity": "false",
        "useTextureAlpha": "false"
      }
    },
    {
      "class": "Part",
      "properties": {
        "angleVelocity": "x:0 y:0 z:0",
        "bloom": "false",
        "booleanOperation": "0",
        "btsKey": "1b1d0c53-5bda-445d-b810-d6a8ff2e7102",
        "cameraCollideEnable": "true",
        "cameraEnableCollide": "true",
        "collisionUniqueKey": "",
        "customThreshold": "1",
        "density": "3.4",
        "discardAlpha": "1.0",
        "friction": "0.4",
        "id": "8524009862857539585",
        "isLockedInEditor": "false",
        "isVisibleInEditor": "true",
        "lineVelocity": "x:0 y:0 z:0",
        "mass": "1203.3227539063",
        "materialAlpha": "1.0",
        "materialColor": "r:0.97647058823529 g:1.0 b:0.8 a:1.0",
        "materialOffset": "x:1 y:1 z:1.0",
        "materialTexture": "part_shatu.tga",
        "name": "Part",
        "needSync": "true",
        "partNavMeshType": "1",
        "position": "x:-115.89874267578 y:-2.0045561790466 z:97.270111083984",
        "restitution": "0.06",
        "rotation": "x:0 y:-10.000001907349 z:0",
        "scale": "x:8.58642 y:6.32121 z:6.52065",
        "selectable": "true",
        "shape": "1",
        "staticBatchNo": "",
        "staticObject": "false",
        "useAnchor": "true",
        "useCollide": "true",
        "useGravity": "false",
        "useTextureAlpha": "false"
      }
    },
    {
      "class": "Part",
      "properties": {
        "angleVelocity": "x:0 y:0 z:0",
        "bloom": "false",
        "booleanOperation": "0",
        "btsKey": "ba5e5aa0-7433-4606-ab32-7e64a32d4a04",
        "cameraCollideEnable": "true",
        "cameraEnableCollide": "true",
        "collisionUniqueKey": "",
        "customThreshold": "1",
        "density": "3.4",
        "discardAlpha": "1.0",
        "friction": "0.4",
        "id": "8524010484428128257",
        "isLockedInEditor": "false",
        "isVisibleInEditor": "true",
        "lineVelocity": "x:0 y:0 z:0",
        "mass": "952.62650146484",
        "materialAlpha": "1.0",
        "materialColor": "r:0.97647058823529 g:1.0 b:0.8 a:1.0",
        "materialOffset": "x:1 y:1 z:1.0",
        "materialTexture": "part_shatu.tga",
        "name": "Part",
        "needSync": "true",
        "partNavMeshType": "1",
        "position": "x:-121.45413970947 y:-0.67600655555725 z:102.01136016846",
        "restitution": "0.06",
        "rotation": "x:-3.4048099517822 y:0.59189885854721 z:-19.719686508179",
        "scale": "x:8.07746 y:6.39921 z:5.42054",
        "selectable": "true",
        "shape": "1",
        "staticBatchNo": "",
        "staticObject": "false",
        "useAnchor": "true",
        "useCollide": "true",
        "useGravity": "false",
        "useTextureAlpha": "false"
      }
    },
    {
      "class": "Part",
      "properties": {
        "angleVelocity": "x:0 y:0 z:0",
        "bloom": "false",
        "booleanOperation": "0",
        "btsKey": "eaac35ca-58f1-4e2d-9de4-e76b724764a5",
        "cameraCollideEnable": "true",
        "cameraEnableCollide": "true",
        "collisionUniqueKey": "",
        "customThreshold": "1",
        "density": "3.4",
        "discardAlpha": "1.0",
        "friction": "0.4",
        "id": "8524011581064429569",
        "isLockedInEditor": "false",
        "isVisibleInEditor": "true",
        "lineVelocity": "x:0 y:0 z:0",
        "mass": "1294.077166748",
        "materialAlpha": "1.0",
        "materialColor": "r:0.97647058823529 g:1.0 b:0.8 a:1.0",
        "materialOffset": "x:1 y:1 z:1.0",
        "materialTexture": "part_shatu.tga",
        "name": "Part",
        "needSync": "true",
        "partNavMeshType": "1",
        "position": "x:-121.32693481445 y:-1.0648164749146 z:96.590850830078",
        "restitution": "0.06",
        "rotation": "x:-1.0355556412378e-07 y:-10.000000953674 z:-19.999975204468",
        "scale": "x:7.60039 y:7.08942 z:7.06374",
        "selectable": "true",
        "shape": "1",
        "staticBatchNo": "",
        "staticObject": "false",
        "useAnchor": "true",
        "useCollide": "true",
        "useGravity": "false",
        "useTextureAlpha": "false"
      }
    },
    {
      "class": "Part",
      "properties": {
        "angleVelocity": "x:0 y:0 z:0",
        "bloom": "false",
        "booleanOperation": "0",
        "btsKey": "8e34fbc3-4c7f-4c35-825a-16aaf4c76636",
        "cameraCollideEnable": "true",
        "cameraEnableCollide": "true",
        "collisionUniqueKey": "",
        "customThreshold": "1",
        "density": "3.4",
        "discardAlpha": "1.0",
        "friction": "0.4",
        "id": "8524015311754854401",
        "isLockedInEditor": "false",
        "isVisibleInEditor": "true",
        "lineVelocity": "x:0 y:0 z:0",
        "mass": "1953.3186767578",
        "materialAlpha": "1.0",
        "materialColor": "r:0.97647058823529 g:1.0 b:0.8 a:1.0",
        "materialOffset": "x:1 y:1 z:1.0",
        "materialTexture": "part_shatu.tga",
        "name": "Part",
        "needSync": "true",
        "partNavMeshType": "1",
        "position": "x:-114.75258636475 y:-3.2848086357117 z:85.793075561523",
        "restitution": "0.06",
        "rotation": "x:0 y:0 z:-25",
        "scale": "x:20.2509 y:6.32122 z:4.48796",
        "selectable": "true",
        "shape": "1",
        "staticBatchNo": "",
        "staticObject": "false",
        "useAnchor": "true",
        "useCollide": "true",
        "useGravity": "false",
        "useTextureAlpha": "false"
      }
    },
    {
      "class": "Part",
      "properties": {
        "angleVelocity": "x:0 y:0 z:0",
        "bloom": "false",
        "booleanOperation": "0",
        "btsKey": "61680349-db71-4181-a535-9e5fb277a66f",
        "cameraCollideEnable": "true",
        "cameraEnableCollide": "true",
        "collisionUniqueKey": "",
        "customThreshold": "1",
        "density": "3.4",
        "discardAlpha": "1.0",
        "friction": "0.4",
        "id": "8524016271604154369",
        "isLockedInEditor": "false",
        "isVisibleInEditor": "true",
        "lineVelocity": "x:0 y:0 z:0",
        "mass": "1782.4605834961",
        "materialAlpha": "1.0",
        "materialColor": "r:0.97647058823529 g:1.0 b:0.8 a:1.0",
        "materialOffset": "x:1 y:1 z:1.0",
        "materialTexture": "part_shatu.tga",
        "name": "Part",
        "needSync": "true",
        "partNavMeshType": "1",
        "position": "x:-117.93504333496 y:-1.3967922925949 z:74.877685546875",
        "restitution": "0.06",
        "rotation": "x:0 y:0 z:-15",
        "scale": "x:13.1255 y:6.32118 z:6.31869",
        "selectable": "true",
        "shape": "1",
        "staticBatchNo": "",
        "staticObject": "false",
        "useAnchor": "true",
        "useCollide": "true",
        "useGravity": "false",
        "useTextureAlpha": "false"
      }
    },
    {
      "class": "Part",
      "properties": {
        "angleVelocity": "x:0 y:0 z:0",
        "bloom": "false",
        "booleanOperation": "0",
        "btsKey": "81e1402b-073a-4f8f-a841-dcf0844e5515",
        "cameraCollideEnable": "true",
        "cameraEnableCollide": "true",
        "collisionUniqueKey": "",
        "customThreshold": "1",
        "density": "3.4",
        "discardAlpha": "1.0",
        "friction": "0.4",
        "id": "8524017228413698049",
        "isLockedInEditor": "false",
        "isVisibleInEditor": "true",
        "lineVelocity": "x:0 y:0 z:0",
        "mass": "806.06479492187",
        "materialAlpha": "1.0",
        "materialColor": "r:0.97647058823529 g:1.0 b:0.8 a:1.0",
        "materialOffset": "x:1 y:1 z:1.0",
        "materialTexture": "part_shatu.tga",
        "name": "Part",
        "needSync": "true",
        "partNavMeshType": "1",
        "position": "x:-113.54286193848 y:-1.7799513339996 z:61.769054412842",
        "restitution": "0.06",
        "rotation": "x:0 y:0 z:0",
        "scale": "x:4.99999 y:5.55484 z:8.53592",
        "selectable": "true",
        "shape": "1",
        "staticBatchNo": "",
        "staticObject": "false",
        "useAnchor": "true",
        "useCollide": "true",
        "useGravity": "false",
        "useTextureAlpha": "false"
      }
    },
    {
      "class": "Part",
      "properties": {
        "angleVelocity": "x:0 y:0 z:0",
        "bloom": "false",
        "booleanOperation": "0",
        "btsKey": "f3e80634-c2c5-437d-9ef4-c1ba5652ed7e",
        "cameraCollideEnable": "true",
        "cameraEnableCollide": "true",
        "collisionUniqueKey": "",
        "customThreshold": "1",
        "density": "3.4",
        "discardAlpha": "1.0",
        "friction": "0.4",
        "id": "8524017976681922561",
        "isLockedInEditor": "false",
        "isVisibleInEditor": "true",
        "lineVelocity": "x:0 y:0 z:0",
        "mass": "695.71026611328",
        "materialAlpha": "1.0",
        "materialColor": "r:0.97647058823529 g:1.0 b:0.8 a:1.0",
        "materialOffset": "x:1 y:1 z:1.0",
        "materialTexture": "part_shatu.tga",
        "name": "Part",
        "needSync": "true",
        "partNavMeshType": "1",
        "position": "x:-113.54286193848 y:-0.66984963417053 z:53.80920791626",
        "restitution": "0.06",
        "rotation": "x:20 y:0 z:0",
        "scale": "x:4.99998 y:5.66835 z:7.21979",
        "selectable": "true",
        "shape": "1",
        "staticBatchNo": "",
        "staticObject": "false",
        "useAnchor": "true",
        "useCollide": "true",
        "useGravity": "false",
        "useTextureAlpha": "false"
      }
    },
    {
      "class": "Part",
      "properties": {
        "angleVelocity": "x:0 y:0 z:0",
        "bloom": "false",
        "booleanOperation": "0",
        "btsKey": "0b5a6c4d-5aaf-4588-abe3-f30d0c139d75",
        "cameraCollideEnable": "true",
        "cameraEnableCollide": "true",
        "collisionUniqueKey": "",
        "customThreshold": "1",
        "density": "3.4",
        "discardAlpha": "1.0",
        "friction": "0.4",
        "id": "8524018531499458561",
        "isLockedInEditor": "false",
        "isVisibleInEditor": "true",
        "lineVelocity": "x:0 y:0 z:0",
        "mass": "997.91919555664",
        "materialAlpha": "1.0",
        "materialColor": "r:0.97647058823529 g:1.0 b:0.8 a:1.0",
        "materialOffset": "x:1 y:1 z:1.0",
        "materialTexture": "part_shatu.tga",
        "name": "Part",
        "needSync": "true",
        "partNavMeshType": "1",
        "position": "x:-124.45425415039 y:-0.77667528390884 z:61.769054412842",
        "restitution": "0.06",
        "rotation": "x:0 y:0 z:-10",
        "scale": "x:4.99998 y:6.87699 z:8.53591",
        "selectable": "true",
        "shape": "1",
        "staticBatchNo": "",
        "staticObject": "false",
        "useAnchor": "true",
        "useCollide": "true",
        "useGravity": "false",
        "useTextureAlpha": "false"
      }
    },
    {
      "class": "Part",
      "properties": {
        "angleVelocity": "x:0 y:0 z:0",
        "bloom": "false",
        "booleanOperation": "0",
        "btsKey": "a4a1adb6-3eb4-49c6-82a5-c2b4666c5ed7",
        "cameraCollideEnable": "true",
        "cameraEnableCollide": "true",
        "collisionUniqueKey": "",
        "customThreshold": "1",
        "density": "3.4",
        "discardAlpha": "1.0",
        "friction": "0.4",
        "id": "8524018943249268737",
        "isLockedInEditor": "false",
        "isVisibleInEditor": "true",
        "lineVelocity": "x:0 y:0 z:0",
        "mass": "1803.1747680664",
        "materialAlpha": "1.0",
        "materialColor": "r:0.97647058823529 g:1.0 b:0.8 a:1.0",
        "materialOffset": "x:1 y:1 z:1.0",
        "materialTexture": "part_shatu.tga",
        "name": "Part",
        "needSync": "true",
        "partNavMeshType": "1",
        "position": "x:-122.69927215576 y:-1.1267960071564 z:44.450050354004",
        "restitution": "0.06",
        "rotation": "x:-5 y:-12.264106750488 z:-12.527040481567",
        "scale": "x:4.99998 y:6.24133 z:16.9947",
        "selectable": "true",
        "shape": "1",
        "staticBatchNo": "",
        "staticObject": "false",
        "useAnchor": "true",
        "useCollide": "true",
        "useGravity": "false",
        "useTextureAlpha": "false"
      }
    },
    {
      "class": "Part",
      "properties": {
        "angleVelocity": "x:0 y:0 z:0",
        "bloom": "false",
        "booleanOperation": "0",
        "btsKey": "e962d77b-0eff-4559-a700-02f5b67c5893",
        "cameraCollideEnable": "true",
        "cameraEnableCollide": "true",
        "collisionUniqueKey": "",
        "customThreshold": "1",
        "density": "3.4",
        "discardAlpha": "1.0",
        "friction": "0.4",
        "id": "8524021046871474177",
        "isLockedInEditor": "false",
        "isVisibleInEditor": "true",
        "lineVelocity": "x:0 y:0 z:0",
        "mass": "936.65123291016",
        "materialAlpha": "1.0",
        "materialColor": "r:0.97647058823529 g:1.0 b:0.8 a:1.0",
        "materialOffset": "x:1 y:1 z:1.0",
        "materialTexture": "part_shatu.tga",
        "name": "Part",
        "needSync": "true",
        "partNavMeshType": "1",
        "position": "x:-113.54286193848 y:-1.1631668806076 z:41.675731658936",
        "restitution": "0.06",
        "rotation": "x:-10 y:0 z:0",
        "scale": "x:4.99998 y:6.45478 z:8.5359",
        "selectable": "true",
        "shape": "1",
        "staticBatchNo": "",
        "staticObject": "false",
        "useAnchor": "true",
        "useCollide": "true",
        "useGravity": "false",
        "useTextureAlpha": "false"
      }
    },
    {
      "class": "Part",
      "properties": {
        "angleVelocity": "x:0 y:0 z:0",
        "bloom": "false",
        "booleanOperation": "0",
        "btsKey": "c476df62-501f-4c03-9448-29da7dc4c4b3",
        "cameraCollideEnable": "true",
        "cameraEnableCollide": "true",
        "collisionUniqueKey": "",
        "customThreshold": "1",
        "density": "3.4",
        "discardAlpha": "1.0",
        "friction": "0.4",
        "id": "8524021562207453185",
        "isLockedInEditor": "false",
        "isVisibleInEditor": "true",
        "lineVelocity": "x:0 y:0 z:0",
        "mass": "928.36207275391",
        "materialAlpha": "1.0",
        "materialColor": "r:0.97647058823529 g:1.0 b:0.8 a:1.0",
        "materialOffset": "x:1 y:1 z:1.0",
        "materialTexture": "part_shatu.tga",
        "name": "Part",
        "needSync": "true",
        "partNavMeshType": "1",
        "position": "x:-117.54286193848 y:-1.5107865333557 z:25.242546081543",
        "restitution": "0.06",
        "rotation": "x:10 y:0 z:0",
        "scale": "x:4.99997 y:5.55484 z:9.83104",
        "selectable": "true",
        "shape": "1",
        "staticBatchNo": "",
        "staticObject": "false",
        "useAnchor": "true",
        "useCollide": "true",
        "useGravity": "false",
        "useTextureAlpha": "false"
      }
    },
    {
      "class": "Part",
      "properties": {
        "angleVelocity": "x:0 y:0 z:0",
        "bloom": "false",
        "booleanOperation": "0",
        "btsKey": "7631f5d7-4426-496b-9319-e1b1896cb059",
        "cameraCollideEnable": "true",
        "cameraEnableCollide": "true",
        "collisionUniqueKey": "",
        "customThreshold": "1",
        "density": "3.4",
        "discardAlpha": "1.0",
        "friction": "0.4",
        "id": "8524022404961959937",
        "isLockedInEditor": "false",
        "isVisibleInEditor": "true",
        "lineVelocity": "x:0 y:0 z:0",
        "mass": "623.6624420166",
        "materialAlpha": "1.0",
        "materialColor": "r:0.97647058823529 g:1.0 b:0.8 a:1.0",
        "materialOffset": "x:1 y:1 z:1.0",
        "materialTexture": "part_shatu.tga",
        "name": "Part",
        "needSync": "true",
        "partNavMeshType": "1",
        "position": "x:-117.54286193848 y:-1.5107867717743 z:12.227939605713",
        "restitution": "0.06",
        "rotation": "x:-6.1479607893489e-07 y:0 z:0",
        "scale": "x:4.99996 y:5.55483 z:6.6044",
        "selectable": "true",
        "shape": "1",
        "staticBatchNo": "",
        "staticObject": "false",
        "useAnchor": "true",
        "useCollide": "true",
        "useGravity": "false",
        "useTextureAlpha": "false"
      }
    },
    {
      "class": "Part",
      "properties": {
        "angleVelocity": "x:0 y:0 z:0",
        "bloom": "false",
        "booleanOperation": "0",
        "btsKey": "1c2b8c22-ae76-46ec-8724-511509fd96aa",
        "cameraCollideEnable": "true",
        "cameraEnableCollide": "true",
        "collisionUniqueKey": "",
        "customThreshold": "1",
        "density": "3.4",
        "discardAlpha": "1.0",
        "friction": "0.4",
        "id": "8524022723269640193",
        "isLockedInEditor": "false",
        "isVisibleInEditor": "true",
        "lineVelocity": "x:0 y:0 z:0",
        "mass": "833.50292358398",
        "materialAlpha": "1.0",
        "materialColor": "r:0.97647058823529 g:1.0 b:0.8 a:1.0",
        "materialOffset": "x:1 y:1 z:1.0",
        "materialTexture": "part_shatu.tga",
        "name": "Part",
        "needSync": "true",
        "partNavMeshType": "1",
        "position": "x:-117.54286193848 y:-1.6888425350189 z:0.814528465271",
        "restitution": "0.06",
        "rotation": "x:-6.1479607893489e-07 y:0 z:0",
        "scale": "x:4.99995 y:5.19871 z:9.4312",
        "selectable": "true",
        "shape": "1",
        "staticBatchNo": "",
        "staticObject": "false",
        "useAnchor": "true",
        "useCollide": "true",
        "useGravity": "false",
        "useTextureAlpha": "false"
      }
    },
    {
      "class": "Part",
      "properties": {
        "angleVelocity": "x:0 y:0 z:0",
        "bloom": "false",
        "booleanOperation": "0",
        "btsKey": "a0f75109-ae36-4bcc-9989-d23668e33a25",
        "cameraCollideEnable": "true",
        "cameraEnableCollide": "true",
        "collisionUniqueKey": "",
        "customThreshold": "1",
        "density": "3.4",
        "discardAlpha": "1.0",
        "friction": "0.4",
        "id": "8524023351181000705",
        "isLockedInEditor": "false",
        "isVisibleInEditor": "true",
        "lineVelocity": "x:0 y:0 z:0",
        "mass": "476.14137268066",
        "materialAlpha": "1.0",
        "materialColor": "r:0.97647058823529 g:1.0 b:0.8 a:1.0",
        "materialOffset": "x:1 y:1 z:1.0",
        "materialTexture": "part_shatu.tga",
        "name": "Part",
        "needSync": "true",
        "partNavMeshType": "1",
        "position": "x:-117.1089630127 y:-1.6888425350189 z:-12.966243743896",
        "restitution": "0.06",
        "rotation": "x:-6.0545596625161e-07 y:-10 z:1.0675816497496e-07",
        "scale": "x:2.85625 y:5.1987 z:9.43118",
        "selectable": "true",
        "shape": "1",
        "staticBatchNo": "",
        "staticObject": "false",
        "useAnchor": "true",
        "useCollide": "true",
        "useGravity": "false",
        "useTextureAlpha": "false"
      }
    },
    {
      "class": "Part",
      "properties": {
        "angleVelocity": "x:0 y:0 z:0",
        "bloom": "false",
        "booleanOperation": "0",
        "btsKey": "9ff2d016-0764-41e0-bbe3-3f3e88cbd91b",
        "cameraCollideEnable": "true",
        "cameraEnableCollide": "true",
        "collisionUniqueKey": "",
        "customThreshold": "1",
        "density": "3.4",
        "discardAlpha": "1.0",
        "friction": "0.4",
        "id": "8524023902162370561",
        "isLockedInEditor": "false",
        "isVisibleInEditor": "true",
        "lineVelocity": "x:0 y:0 z:0",
        "mass": "441.88695373535",
        "materialAlpha": "1.0",
        "materialColor": "r:0.97647058823529 g:1.0 b:0.8 a:1.0",
        "materialOffset": "x:1 y:1 z:1.0",
        "materialTexture": "part_shatu.tga",
        "name": "Part",
        "needSync": "true",
        "partNavMeshType": "1",
        "position": "x:-118.95135498047 y:-1.6888425350189 z:-17.120147705078",
        "restitution": "0.06",
        "rotation": "x:-5.3242905551087e-07 y:-30 z:3.0739681733394e-07",
        "scale": "x:5 y:5.19867 z:5",
        "selectable": "true",
        "shape": "1",
        "staticBatchNo": "",
        "staticObject": "false",
        "useAnchor": "true",
        "useCollide": "true",
        "useGravity": "false",
        "useTextureAlpha": "false"
      }
    },
    {
      "class": "Part",
      "properties": {
        "angleVelocity": "x:0 y:0 z:0",
        "bloom": "false",
        "booleanOperation": "0",
        "btsKey": "0004b020-e888-489c-a035-71965bbcda21",
        "cameraCollideEnable": "true",
        "cameraEnableCollide": "true",
        "collisionUniqueKey": "",
        "customThreshold": "1",
        "density": "3.4",
        "discardAlpha": "1.0",
        "friction": "0.4",
        "id": "8524024405550530561",
        "isLockedInEditor": "false",
        "isVisibleInEditor": "true",
        "lineVelocity": "x:0 y:0 z:0",
        "mass": "671.7393737793",
        "materialAlpha": "1.0",
        "materialColor": "r:0.97647058823529 g:1.0 b:0.8 a:1.0",
        "materialOffset": "x:1 y:1 z:1.0",
        "materialTexture": "part_shatu.tga",
        "name": "Part",
        "needSync": "true",
        "partNavMeshType": "1",
        "position": "x:-116.92332458496 y:0.2926464676857 z:-22.478307723999",
        "restitution": "0.06",
        "rotation": "x:19.999996185303 y:5.5728134602565e-16 z:1.6293822234915e-15",
        "scale": "x:3.90611 y:4.68805 z:10.7891",
        "selectable": "true",
        "shape": "1",
        "staticBatchNo": "",
        "staticObject": "false",
        "useAnchor": "true",
        "useCollide": "true",
        "useGravity": "false",
        "useTextureAlpha": "false"
      }
    },
    {
      "class": "Part",
      "properties": {
        "angleVelocity": "x:0 y:0 z:0",
        "bloom": "false",
        "booleanOperation": "0",
        "btsKey": "7a246d09-4c1c-4c9c-bdc6-b6808b113da0",
        "cameraCollideEnable": "true",
        "cameraEnableCollide": "true",
        "collisionUniqueKey": "",
        "customThreshold": "1",
        "density": "3.4",
        "discardAlpha": "1.0",
        "friction": "0.4",
        "id": "8524025316374069249",
        "isLockedInEditor": "false",
        "isVisibleInEditor": "true",
        "lineVelocity": "x:0 y:0 z:0",
        "mass": "1767.5613037109",
        "materialAlpha": "1.0",
        "materialColor": "r:0.97647058823529 g:1.0 b:0.8 a:1.0",
        "materialOffset": "x:1 y:1 z:1.0",
        "materialTexture": "part_shatu.tga",
        "name": "Part",
        "needSync": "true",
        "partNavMeshType": "1",
        "position": "x:-117.54286193848 y:-1.6888425350189 z:-40.185466766357",
        "restitution": "0.06",
        "rotation": "x:-6.1479607893489e-07 y:0 z:0",
        "scale": "x:10 y:5.19871 z:10",
        "selectable": "true",
        "shape": "1",
        "staticBatchNo": "",
        "staticObject": "false",
        "useAnchor": "true",
        "useCollide": "true",
        "useGravity": "false",
        "useTextureAlpha": "false"
      }
    },
    {
      "class": "Part",
      "properties": {
        "angleVelocity": "x:0 y:0 z:0",
        "bloom": "false",
        "booleanOperation": "0",
        "btsKey": "57f97bdd-ff0d-4b8c-9002-81f0e38f06bd",
        "cameraCollideEnable": "true",
        "cameraEnableCollide": "true",
        "collisionUniqueKey": "",
        "customThreshold": "1",
        "density": "3.4",
        "discardAlpha": "1.0",
        "friction": "0.4",
        "id": "8524025591740383233",
        "isLockedInEditor": "false",
        "isVisibleInEditor": "true",
        "lineVelocity": "x:0 y:0 z:0",
        "mass": "441.89032592773",
        "materialAlpha": "1.0",
        "materialColor": "r:0.97647058823529 g:1.0 b:0.8 a:1.0",
        "materialOffset": "x:1 y:1 z:1.0",
        "materialTexture": "part_shatu.tga",
        "name": "Part",
        "needSync": "true",
        "partNavMeshType": "1",
        "position": "x:-113.44207000732 y:-0.68884253501892 z:-42.757076263428",
        "restitution": "0.06",
        "rotation": "x:-5.777192768619e-07 y:-19.999998092651 z:2.1027251762007e-07",
        "scale": "x:5 y:5.19871 z:5",
        "selectable": "true",
        "shape": "1",
        "staticBatchNo": "",
        "staticObject": "false",
        "useAnchor": "true",
        "useCollide": "true",
        "useGravity": "false",
        "useTextureAlpha": "false"
      }
    },
    {
      "class": "Part",
      "properties": {
        "angleVelocity": "x:0 y:0 z:0",
        "bloom": "false",
        "booleanOperation": "0",
        "btsKey": "d7d9fd06-f4ba-44f0-90cb-d662e1f258ff",
        "cameraCollideEnable": "true",
        "cameraEnableCollide": "true",
        "collisionUniqueKey": "",
        "customThreshold": "1",
        "density": "3.4",
        "discardAlpha": "1.0",
        "friction": "0.4",
        "id": "8524027580088156161",
        "isLockedInEditor": "false",
        "isVisibleInEditor": "true",
        "lineVelocity": "x:0 y:0 z:0",
        "mass": "4220.5708251953",
        "materialAlpha": "1.0",
        "materialColor": "r:0.97647058823529 g:1.0 b:0.8 a:1.0",
        "materialOffset": "x:1 y:1 z:1.0",
        "materialTexture": "part_shatu.tga",
        "name": "Part",
        "needSync": "true",
        "partNavMeshType": "1",
        "position": "x:13.708040237427 y:-0.66445577144623 z:245.38200378418",
        "restitution": "0.06",
        "rotation": "x:0 y:40 z:0",
        "scale": "x:11.3613 y:5.40654 z:20.209",
        "selectable": "true",
        "shape": "1",
        "staticBatchNo": "",
        "staticObject": "false",
        "useAnchor": "true",
        "useCollide": "true",
        "useGravity": "false",
        "useTextureAlpha": "false"
      }
    },
    {
      "class": "Part",
      "properties": {
        "angleVelocity": "x:0 y:0 z:0",
        "bloom": "false",
        "booleanOperation": "0",
        "btsKey": "1f58b627-bf82-4864-b437-5a30412eaeb0",
        "cameraCollideEnable": "true",
        "cameraEnableCollide": "true",
        "collisionUniqueKey": "",
        "customThreshold": "1",
        "density": "3.4",
        "discardAlpha": "1.0",
        "friction": "0.4",
        "id": "8524027877350293505",
        "isLockedInEditor": "false",
        "isVisibleInEditor": "true",
        "lineVelocity": "x:0 y:0 z:0",
        "mass": "15643.119433594",
        "materialAlpha": "1.0",
        "materialColor": "r:0.97647058823529 g:1.0 b:0.8 a:1.0",
        "materialOffset": "x:1 y:1 z:1.0",
        "materialTexture": "part_shatu.tga",
        "name": "Part",
        "needSync": "true",
        "partNavMeshType": "1",
        "position": "x:28.62473487854 y:-0.66445577144623 z:247.33325195313",
        "restitution": "0.06",
        "rotation": "x:0 y:19.999998092651 z:0",
        "scale": "x:23.2052 y:5.40653 z:36.6725",
        "selectable": "true",
        "shape": "1",
        "staticBatchNo": "",
        "staticObject": "false",
        "useAnchor": "true",
        "useCollide": "true",
        "useGravity": "false",
        "useTextureAlpha": "false"
      }
    },
    {
      "class": "Part",
      "properties": {
        "angleVelocity": "x:0 y:0 z:0",
        "bloom": "false",
        "booleanOperation": "0",
        "btsKey": "48660f76-8b75-4213-9736-c819281e2b81",
        "cameraCollideEnable": "true",
        "cameraEnableCollide": "true",
        "collisionUniqueKey": "",
        "customThreshold": "1",
        "density": "3.4",
        "discardAlpha": "1.0",
        "friction": "0.4",
        "id": "8524027917593804801",
        "isLockedInEditor": "false",
        "isVisibleInEditor": "true",
        "lineVelocity": "x:0 y:0 z:0",
        "mass": "11569.281933594",
        "materialAlpha": "1.0",
        "materialColor": "r:0.97647058823529 g:1.0 b:0.8 a:1.0",
        "materialOffset": "x:1 y:1 z:1.0",
        "materialTexture": "part_shatu.tga",
        "name": "Part",
        "needSync": "true",
        "partNavMeshType": "1",
        "position": "x:15.073640823364 y:-0.66445577144623 z:254.31828308105",
        "restitution": "0.06",
        "rotation": "x:0 y:-6.8301892497402e-07 z:0",
        "scale": "x:24.2175 y:5.40653 z:25.9884",
        "selectable": "true",
        "shape": "1",
        "staticBatchNo": "",
        "staticObject": "false",
        "useAnchor": "true",
        "useCollide": "true",
        "useGravity": "false",
        "useTextureAlpha": "false"
      }
    },
    {
      "class": "Part",
      "properties": {
        "angleVelocity": "x:0 y:0 z:0",
        "bloom": "false",
        "booleanOperation": "0",
        "btsKey": "a8202fb6-4038-433e-b3a8-380f9eb47f7e",
        "cameraCollideEnable": "true",
        "cameraEnableCollide": "true",
        "collisionUniqueKey": "",
        "customThreshold": "1",
        "density": "3.4",
        "discardAlpha": "1.0",
        "friction": "0.4",
        "id": "8524039676047032321",
        "isLockedInEditor": "false",
        "isVisibleInEditor": "true",
        "lineVelocity": "x:0 y:0 z:0",
        "mass": "7686.2669433594",
        "materialAlpha": "1.0",
        "materialColor": "r:0.97647058823529 g:1.0 b:0.8 a:1.0",
        "materialOffset": "x:1 y:1 z:1.0",
        "materialTexture": "part_shatu.tga",
        "name": "Part",
        "needSync": "true",
        "partNavMeshType": "1",
        "position": "x:28.699987411499 y:3.7802922725677 z:253.34886169434",
        "restitution": "0.06",
        "rotation": "x:0 y:19.999998092651 z:0",
        "scale": "x:22.7446 y:3.92624 z:25.3152",
        "selectable": "true",
        "shape": "1",
        "staticBatchNo": "",
        "staticObject": "false",
        "useAnchor": "true",
        "useCollide": "true",
        "useGravity": "false",
        "useTextureAlpha": "false"
      }
    },
    {
      "class": "Part",
      "properties": {
        "angleVelocity": "x:0 y:0 z:0",
        "bloom": "false",
        "booleanOperation": "0",
        "btsKey": "eaa421de-abb6-403f-a5ce-29054bcb48ff",
        "cameraCollideEnable": "true",
        "cameraEnableCollide": "true",
        "collisionUniqueKey": "",
        "customThreshold": "1",
        "density": "2.2",
        "discardAlpha": "1.0",
        "friction": "0.37",
        "id": "8524040613934333953",
        "isLockedInEditor": "true",
        "isVisibleInEditor": "true",
        "lineVelocity": "x:0 y:0 z:0",
        "mass": "24402.662109375",
        "materialAlpha": "1.0",
        "materialColor": "r:0.77254901960784 g:1.0 b:1.0 a:1.0",
        "materialOffset": "x:1 y:1 z:1.0",
        "materialTexture": "part_suliao.tga",
        "name": "Part",
        "needSync": "true",
        "partNavMeshType": "1",
        "position": "x:35.060035705566 y:12.811114311218 z:111.31837463379",
        "restitution": "0.3",
        "rotation": "x:0 y:0 z:0",
        "scale": "x:0.999988 y:35.3387 z:313.884",
        "selectable": "true",
        "shape": "1",
        "staticBatchNo": "",
        "staticObject": "false",
        "useAnchor": "true",
        "useCollide": "true",
        "useGravity": "false",
        "useTextureAlpha": "false"
      }
    },
    {
      "class": "Part",
      "properties": {
        "angleVelocity": "x:0 y:0 z:0",
        "bloom": "false",
        "booleanOperation": "0",
        "btsKey": "c8894eed-596b-4ff7-b4a3-12836c6d1ee2",
        "cameraCollideEnable": "true",
        "cameraEnableCollide": "true",
        "collisionUniqueKey": "",
        "customThreshold": "1",
        "density": "2.2",
        "discardAlpha": "1.0",
        "friction": "0.37",
        "id": "8524041975452860417",
        "isLockedInEditor": "true",
        "isVisibleInEditor": "true",
        "lineVelocity": "x:0 y:0 z:0",
        "mass": "24402.662109375",
        "materialAlpha": "1.0",
        "materialColor": "r:0.77254901960784 g:1.0 b:1.0 a:1.0",
        "materialOffset": "x:1 y:1 z:1.0",
        "materialTexture": "part_suliao.tga",
        "name": "Part",
        "needSync": "true",
        "partNavMeshType": "1",
        "position": "x:-129.93995666504 y:12.811114311218 z:111.31837463379",
        "restitution": "0.3",
        "rotation": "x:0 y:0 z:0",
        "scale": "x:0.999988 y:35.3387 z:313.884",
        "selectable": "true",
        "shape": "1",
        "staticBatchNo": "",
        "staticObject": "false",
        "useAnchor": "true",
        "useCollide": "true",
        "useGravity": "false",
        "useTextureAlpha": "false"
      }
    },
    {
      "class": "Part",
      "properties": {
        "angleVelocity": "x:0 y:0 z:0",
        "bloom": "false",
        "booleanOperation": "0",
        "btsKey": "4f39faca-3942-41c2-bbf5-3d15b4a42d5c",
        "cameraCollideEnable": "true",
        "cameraEnableCollide": "true",
        "collisionUniqueKey": "",
        "customThreshold": "1",
        "density": "2.2",
        "discardAlpha": "1.0",
        "friction": "0.37",
        "id": "8524042191050801153",
        "isLockedInEditor": "true",
        "isVisibleInEditor": "true",
        "lineVelocity": "x:0 y:0 z:0",
        "mass": "14265.009472656",
        "materialAlpha": "1.0",
        "materialColor": "r:0.77254901960784 g:1.0 b:1.0 a:1.0",
        "materialOffset": "x:1 y:1 z:1.0",
        "materialTexture": "part_suliao.tga",
        "name": "Part",
        "needSync": "true",
        "partNavMeshType": "1",
        "position": "x:-47.754402160645 y:12.811114311218 z:267.70483398438",
        "restitution": "0.3",
        "rotation": "x:0 y:0 z:0",
        "scale": "x:165.287 y:35.3379 z:1.11012",
        "selectable": "true",
        "shape": "1",
        "staticBatchNo": "",
        "staticObject": "false",
        "useAnchor": "true",
        "useCollide": "true",
        "useGravity": "false",
        "useTextureAlpha": "false"
      }
    },
    {
      "class": "Part",
      "properties": {
        "angleVelocity": "x:0 y:0 z:0",
        "bloom": "false",
        "booleanOperation": "0",
        "btsKey": "94702ab7-c667-4e67-b56c-7820ba2ec952",
        "cameraCollideEnable": "true",
        "cameraEnableCollide": "true",
        "collisionUniqueKey": "",
        "customThreshold": "1",
        "density": "2.2",
        "discardAlpha": "1.0",
        "friction": "0.37",
        "id": "8524043179473502209",
        "isLockedInEditor": "true",
        "isVisibleInEditor": "true",
        "lineVelocity": "x:0 y:0 z:0",
        "mass": "14265.009472656",
        "materialAlpha": "1.0",
        "materialColor": "r:0.77254901960784 g:1.0 b:1.0 a:1.0",
        "materialOffset": "x:1 y:1 z:1.0",
        "materialTexture": "part_suliao.tga",
        "name": "Part",
        "needSync": "true",
        "partNavMeshType": "1",
        "position": "x:-47.754402160645 y:12.811114311218 z:-45.295204162598",
        "restitution": "0.3",
        "rotation": "x:0 y:0 z:0",
        "scale": "x:165.287 y:35.3379 z:1.11012",
        "selectable": "true",
        "shape": "1",
        "staticBatchNo": "",
        "staticObject": "false",
        "useAnchor": "true",
        "useCollide": "true",
        "useGravity": "false",
        "useTextureAlpha": "false"
      }
    },
    {
      "children": [
        {
          "class": "Part",
          "properties": {
            "angleVelocity": "x:0 y:0 z:0",
            "bloom": "false",
            "booleanOperation": "0",
            "btsKey": "4b296283-b635-41df-a417-643382002e78",
            "cameraCollideEnable": "true",
            "collisionUniqueKey": "",
            "customThreshold": "1",
            "density": "2.5",
            "discardAlpha": "1.0",
            "friction": "0.6",
            "id": "8539464864521994241",
            "isLockedInEditor": "false",
            "isVisibleInEditor": "true",
            "lineVelocity": "x:0 y:0 z:0",
            "mass": "7.5",
            "materialAlpha": "1.0",
            "materialColor": "r:1.0 g:1.0 b:1.0 a:1.0",
            "materialOffset": "x:1 y:1 z:1.0",
            "materialTexture": "part_zhuankuai.tga",
            "name": "Part",
            "needSync": "true",
            "partNavMeshType": "1",
            "position": "x:-121.17404937744 y:2.410630941391 z:-38.684818267822",
            "restitution": "0.15",
            "rotation": "x:0 y:0 z:0",
            "scale": "x:1 y:3 z:1",
            "selectable": "true",
            "shape": "1",
            "staticBatchNo": "",
            "staticObject": "false",
            "useAnchor": "true",
            "useCollide": "true",
            "useGravity": "false",
            "useTextureAlpha": "false"
          }
        },
        {
          "class": "Part",
          "properties": {
            "angleVelocity": "x:0 y:0 z:0",
            "bloom": "false",
            "booleanOperation": "0",
            "btsKey": "f0e16be4-a22b-4f88-8be6-8ebd3f7fe48d",
            "cameraCollideEnable": "true",
            "collisionUniqueKey": "",
            "customThreshold": "1",
            "density": "2.5",
            "discardAlpha": "1.0",
            "friction": "0.6",
            "id": "8539465047410475009",
            "isLockedInEditor": "false",
            "isVisibleInEditor": "true",
            "lineVelocity": "x:0 y:0 z:0",
            "mass": "2.0000000298023",
            "materialAlpha": "1.0",
            "materialColor": "r:1.0 g:1.0 b:1.0 a:1.0",
            "materialOffset": "x:1 y:1 z:1.0",
            "materialTexture": "part_zhuankuai.tga",
            "name": "Part",
            "needSync": "true",
            "partNavMeshType": "1",
            "position": "x:-121.17404937744 y:4.3106317520142 z:-39.23482131958",
            "restitution": "0.15",
            "rotation": "x:0 y:0 z:0",
            "scale": "x:1 y:0.8 z:1",
            "selectable": "true",
            "shape": "1",
            "staticBatchNo": "",
            "staticObject": "false",
            "useAnchor": "true",
            "useCollide": "true",
            "useGravity": "false",
            "useTextureAlpha": "false"
          }
        },
        {
          "class": "Part",
          "properties": {
            "angleVelocity": "x:0 y:0 z:0",
            "bloom": "false",
            "booleanOperation": "0",
            "btsKey": "0bc25949-824c-45c2-accc-da22ea606f9f",
            "cameraCollideEnable": "true",
            "collisionUniqueKey": "",
            "customThreshold": "1",
            "density": "2.5",
            "discardAlpha": "1.0",
            "friction": "0.6",
            "id": "8539465343220121601",
            "isLockedInEditor": "false",
            "isVisibleInEditor": "true",
            "lineVelocity": "x:0 y:0 z:0",
            "mass": "2.0000000298023",
            "materialAlpha": "1.0",
            "materialColor": "r:1.0 g:1.0 b:1.0 a:1.0",
            "materialOffset": "x:1 y:1 z:1.0",
            "materialTexture": "part_zhuankuai.tga",
            "name": "Part",
            "needSync": "true",
            "partNavMeshType": "1",
            "position": "x:-121.17404937744 y:5.1006317138672 z:-39.774822235107",
            "restitution": "0.15",
            "rotation": "x:0 y:0 z:0",
            "scale": "x:1 y:0.8 z:1",
            "selectable": "true",
            "shape": "1",
            "staticBatchNo": "",
            "staticObject": "false",
            "useAnchor": "true",
            "useCollide": "true",
            "useGravity": "false",
            "useTextureAlpha": "false"
          }
        },
        {
          "class": "Part",
          "properties": {
            "angleVelocity": "x:0 y:0 z:0",
            "bloom": "false",
            "booleanOperation": "0",
            "btsKey": "9916330a-f9c7-4fed-afed-7a89b50a196c",
            "cameraCollideEnable": "true",
            "collisionUniqueKey": "",
            "customThreshold": "1",
            "density": "2.5",
            "discardAlpha": "1.0",
            "friction": "0.6",
            "id": "8539465460180615169",
            "isLockedInEditor": "false",
            "isVisibleInEditor": "true",
            "lineVelocity": "x:0 y:0 z:0",
            "mass": "2.0000000298023",
            "materialAlpha": "1.0",
            "materialColor": "r:1.0 g:1.0 b:1.0 a:1.0",
            "materialOffset": "x:1 y:1 z:1.0",
            "materialTexture": "part_zhuankuai.tga",
            "name": "Part",
            "needSync": "true",
            "partNavMeshType": "1",
            "position": "x:-121.17404937744 y:5.630633354187 z:-40.464824676514",
            "restitution": "0.15",
            "rotation": "x:0 y:0 z:0",
            "scale": "x:1 y:0.8 z:1",
            "selectable": "true",
            "shape": "1",
            "staticBatchNo": "",
            "staticObject": "false",
            "useAnchor": "true",
            "useCollide": "true",
            "useGravity": "false",
            "useTextureAlpha": "false"
          }
        },
        {
          "class": "Part",
          "properties": {
            "angleVelocity": "x:0 y:0 z:0",
            "bloom": "false",
            "booleanOperation": "0",
            "btsKey": "380ac2e7-86df-4925-a1dc-f99d4b2f089d",
            "cameraCollideEnable": "true",
            "collisionUniqueKey": "",
            "customThreshold": "1",
            "density": "2.5",
            "discardAlpha": "1.0",
            "friction": "0.6",
            "id": "8539465584544006145",
            "isLockedInEditor": "false",
            "isVisibleInEditor": "true",
            "lineVelocity": "x:0 y:0 z:0",
            "mass": "7.5",
            "materialAlpha": "1.0",
            "materialColor": "r:1.0 g:1.0 b:1.0 a:1.0",
            "materialOffset": "x:1 y:1 z:1.0",
            "materialTexture": "part_zhuankuai.tga",
            "name": "Part",
            "needSync": "true",
            "partNavMeshType": "1",
            "position": "x:-121.17404174805 y:2.410630941391 z:-42.224807739258",
            "restitution": "0.15",
            "rotation": "x:0 y:179.99998474121 z:0",
            "scale": "x:1 y:3 z:1",
            "selectable": "true",
            "shape": "1",
            "staticBatchNo": "",
            "staticObject": "false",
            "useAnchor": "true",
            "useCollide": "true",
            "useGravity": "false",
            "useTextureAlpha": "false"
          }
        },
        {
          "class": "Part",
          "properties": {
            "angleVelocity": "x:0 y:0 z:0",
            "bloom": "false",
            "booleanOperation": "0",
            "btsKey": "bb9ffe32-520d-498e-9c0e-221369217f13",
            "cameraCollideEnable": "true",
            "collisionUniqueKey": "",
            "customThreshold": "1",
            "density": "2.5",
            "discardAlpha": "1.0",
            "friction": "0.6",
            "id": "8539465584546136065",
            "isLockedInEditor": "false",
            "isVisibleInEditor": "true",
            "lineVelocity": "x:0 y:0 z:0",
            "mass": "2.0000000298023",
            "materialAlpha": "1.0",
            "materialColor": "r:1.0 g:1.0 b:1.0 a:1.0",
            "materialOffset": "x:1 y:1 z:1.0",
            "materialTexture": "part_zhuankuai.tga",
            "name": "Part",
            "needSync": "true",
            "partNavMeshType": "1",
            "position": "x:-121.17404174805 y:4.3106317520142 z:-41.6748046875",
            "restitution": "0.15",
            "rotation": "x:0 y:179.99998474121 z:0",
            "scale": "x:1 y:0.8 z:1",
            "selectable": "true",
            "shape": "1",
            "staticBatchNo": "",
            "staticObject": "false",
            "useAnchor": "true",
            "useCollide": "true",
            "useGravity": "false",
            "useTextureAlpha": "false"
          }
        },
        {
          "class": "Part",
          "properties": {
            "angleVelocity": "x:0 y:0 z:0",
            "bloom": "false",
            "booleanOperation": "0",
            "btsKey": "f6636c8b-8ad0-4e24-aef1-09bb4532b509",
            "cameraCollideEnable": "true",
            "collisionUniqueKey": "",
            "customThreshold": "1",
            "density": "2.5",
            "discardAlpha": "1.0",
            "friction": "0.6",
            "id": "8539465584548249601",
            "isLockedInEditor": "false",
            "isVisibleInEditor": "true",
            "lineVelocity": "x:0 y:0 z:0",
            "mass": "2.0000000298023",
            "materialAlpha": "1.0",
            "materialColor": "r:1.0 g:1.0 b:1.0 a:1.0",
            "materialOffset": "x:1 y:1 z:1.0",
            "materialTexture": "part_zhuankuai.tga",
            "name": "Part",
            "needSync": "true",
            "partNavMeshType": "1",
            "position": "x:-121.17404174805 y:5.1006317138672 z:-41.134811401367",
            "restitution": "0.15",
            "rotation": "x:0 y:179.99998474121 z:0",
            "scale": "x:1 y:0.8 z:1",
            "selectable": "true",
            "shape": "1",
            "staticBatchNo": "",
            "staticObject": "false",
            "useAnchor": "true",
            "useCollide": "true",
            "useGravity": "false",
            "useTextureAlpha": "false"
          }
        }
      ],
      "class": "Model",
      "properties": {
        "id": "8539465983578374145",
        "name": "Model",
        "needSync": "true",
        "position": "x:-121.17404174805 y:3.4706325531006 z:-40.454814910889",
        "rotation": "x:0 y:0 z:0",
        "scale": "x:1 y:1 z:1",
        "selectable": "true"
      }
    },
    {
      "class": "RegionPart",
      "properties": {
        "cfgName": "myplugin/066b0ca2-4c49-4b54-8c57-1f3a4ff8b975",
        "id": "8540015386889076737",
        "name": "NextMap",
        "needSync": "true",
        "position": "x:-121.18016815186 y:3.2388889789581 z:-40.365524291992",
        "rotation": "x:0 y:0 z:0",
        "scale": "x:0.999995 y:4.67518 z:3.13663",
        "selectable": "true"
      }
    },
    {
      "children": [
        {
          "class": "Decal",
          "properties": {
            "decalAlpha": "1",
            "decalColor": "r:1.0 g:1.0 b:1.0 a:1.0",
            "decalImageType": "0",
            "decalOffset": "x:0 y:0 z:1.0",
            "decalSurface": "4",
            "decalTexture": "asset/Texture/Skill/common/icon_开镜_act.png",
            "decalTiling": "x:0 y:0 z:1.0",
            "id": "8540930960431120385",
            "name": "Decal"
          }
        }
      ],
      "class": "Part",
      "properties": {
        "angleVelocity": "x:0 y:0 z:0",
        "bloom": "false",
        "booleanOperation": "0",
        "btsKey": "a9b5cd2d-6a5d-43ec-a6fb-61d500aacfc2",
        "cameraCollideEnable": "true",
        "cameraEnableCollide": "true",
        "collisionUniqueKey": "",
        "customThreshold": "1",
        "density": "2.2",
        "discardAlpha": "1.0",
        "friction": "0.37",
        "id": "8540930571851792385",
        "isLockedInEditor": "false",
        "isVisibleInEditor": "true",
        "lineVelocity": "x:0 y:0 z:0",
        "mass": "40.1697681427",
        "materialAlpha": "1.0",
        "materialColor": "r:1.0 g:1.0 b:1.0 a:1.0",
        "materialOffset": "x:1 y:1 z:1.0",
        "materialTexture": "part_suliao.tga",
        "name": "checkpoint",
        "needSync": "true",
        "partNavMeshType": "1",
        "position": "x:-0.10181260108948 y:1.1098746061325 z:2.242045879364",
        "restitution": "0.3",
        "rotation": "x:0 y:0 z:0",
        "scale": "x:8.98711 y:0.219751 z:9.2454",
        "selectable": "true",
        "shape": "1",
        "staticBatchNo": "",
        "staticObject": "false",
        "useAnchor": "true",
        "useCollide": "true",
        "useGravity": "true",
        "useTextureAlpha": "false"
      }
    },
    {
      "class": "Entity",
      "config": "myplugin/chest",
      "properties": {
        "id": "8548993436365930497",
        "name": "chest",
        "needSync": "true",
        "position": "x:26.44535446167 y:6.0876150131226 z:248.65997314453",
        "rotation": "x:0 y:134.99938964844 z:0",
        "scale": "x:15 y:15 z:15",
        "selectable": "true"
      }
    },
    {
      "class": "Entity",
      "config": "myplugin/pirateship",
      "properties": {
        "id": "8548996618899439617",
        "name": "pirateship",
        "needSync": "true",
        "position": "x:-40.216411590576 y:0.42744827270508 z:31.818803787231",
        "rotation": "x:0 y:-8.9999494552612 z:0",
        "scale": "x:10 y:10 z:10",
        "selectable": "true"
      }
    },
    {
      "class": "Entity",
      "config": "myplugin/pirateship",
      "properties": {
        "id": "8548998127697444865",
        "name": "pirateship",
        "needSync": "true",
        "position": "x:-39.681407928467 y:0.42734813690186 z:216.01811218262",
        "rotation": "x:0 y:-97.999771118164 z:0",
        "scale": "x:5 y:5 z:7",
        "selectable": "true"
      }
    }
  ],
  "skyBox": [
    {
      "texture": [
        "@asset/Texture/SkyBox/Common2/Sky03_right.png",
        "@asset/Texture/SkyBox/Common2/Sky03_left.png",
        "@asset/Texture/SkyBox/Common2/Sky03_top.png",
        "@asset/Texture/SkyBox/Common2/Sky03_bottom.png",
        "@asset/Texture/SkyBox/Common2/Sky03_back.png",
        "@asset/Texture/SkyBox/Common2/Sky03_front.png"
      ]
    }
  ],
  "skyBoxRotate": {
    "x": 0,
    "y": 0,
    "z": 0
  },
  "skyBoxTexPixFmt": "RGBA8",
  "skyBoxTexSize": 512,
  "touchPosY": {
    "touchdownPosY": -30.0,
    "touchupPosY": 720.0
  }
}