{
  "canBreak": true,
  "hideCloud": true,
  "moveDownGravity": 0.15,
  "scene": [
    {
      "class": "VoxelTerrain",
      "properties": {
        "id": "8506437717290188801",
        "name": "VoxelTerrain",
        "uniqueKey": ""
      }
    },
    {
      "class": "Entity",
      "config": "myplugin/player1",
      "properties": {
        "id": "8506437978465370113",
        "name": "Player",
        "needSync": "true",
        "position": "x:0 y:0.99990081787109 z:0",
        "rotation": "x:0 y:0 z:0",
        "scale": "x:1 y:1 z:1",
        "selectable": "true"
      }
    },
    {
      "class": "Part",
      "properties": {
        "angleVelocity": "x:0 y:0 z:0",
        "bloom": "false",
        "booleanOperation": "0",
        "btsKey": "678c3bb0-0c86-4e81-877b-66afe9ed124c",
        "cameraCollideEnable": "true",
        "cameraEnableCollide": "true",
        "collisionUniqueKey": "",
        "customThreshold": "1",
        "density": "5.5",
        "discardAlpha": "1.0",
        "friction": "0.26",
        "id": "8514032665652936705",
        "isLockedInEditor": "false",
        "isVisibleInEditor": "true",
        "lineVelocity": "x:0 y:0 z:0",
        "mass": "39938.161376953",
        "materialAlpha": "1.0",
        "materialColor": "r:0.41176470588235 g:0.44705882352941 b:0.56078431372549 a:1.0",
        "materialOffset": "x:1 y:1 z:1.0",
        "materialTexture": "part_xibo.tga",
        "name": "Part",
        "needSync": "true",
        "partNavMeshType": "1",
        "position": "x:0.029160007834435 y:-15.036890983582 z:1.0269298553467",
        "restitution": "0.03",
        "rotation": "x:0 y:0 z:0",
        "scale": "x:14.9999 y:32.2737 z:14.9999",
        "selectable": "true",
        "shape": "1",
        "staticBatchNo": "",
        "staticObject": "false",
        "useAnchor": "true",
        "useCollide": "true",
        "useGravity": "false",
        "useTextureAlpha": "false"
      }
    },
    {
      "class": "Part",
      "properties": {
        "angleVelocity": "x:0 y:0 z:0",
        "bloom": "false",
        "booleanOperation": "0",
        "btsKey": "85222221-312d-4045-8ee4-eeca59ddbf2d",
        "cameraCollideEnable": "true",
        "cameraEnableCollide": "true",
        "collisionUniqueKey": "",
        "customThreshold": "1",
        "density": "5.5",
        "discardAlpha": "1.0",
        "friction": "0.26",
        "id": "8514033776561274881",
        "isLockedInEditor": "false",
        "isVisibleInEditor": "true",
        "lineVelocity": "x:0 y:0 z:0",
        "mass": "21300.635253906",
        "materialAlpha": "1.0",
        "materialColor": "r:0.41176470588235 g:0.44705882352941 b:0.56078431372549 a:1.0",
        "materialOffset": "x:1 y:1 z:1.0",
        "materialTexture": "part_xibo.tga",
        "name": "Part",
        "needSync": "true",
        "partNavMeshType": "1",
        "position": "x:0.029160007834435 y:-15.036890983582 z:23.026926040649",
        "restitution": "0.03",
        "rotation": "x:0 y:0 z:0",
        "scale": "x:8 y:32.2737 z:15",
        "selectable": "true",
        "shape": "1",
        "staticBatchNo": "",
        "staticObject": "false",
        "useAnchor": "true",
        "useCollide": "true",
        "useGravity": "false",
        "useTextureAlpha": "false"
      }
    },
    {
      "class": "Part",
      "properties": {
        "angleVelocity": "x:0 y:0 z:0",
        "bloom": "false",
        "booleanOperation": "0",
        "btsKey": "7bc58be9-b30e-4c89-80e4-b3072745243b",
        "cameraCollideEnable": "true",
        "cameraEnableCollide": "true",
        "collisionUniqueKey": "",
        "customThreshold": "1",
        "density": "5.5",
        "discardAlpha": "1.0",
        "friction": "0.26",
        "id": "8514034338907045889",
        "isLockedInEditor": "false",
        "isVisibleInEditor": "true",
        "lineVelocity": "x:0 y:0 z:0",
        "mass": "21300.635253906",
        "materialAlpha": "1.0",
        "materialColor": "r:0.41176470588235 g:0.44705882352941 b:0.56078431372549 a:1.0",
        "materialOffset": "x:1 y:1 z:1.0",
        "materialTexture": "part_xibo.tga",
        "name": "Part",
        "needSync": "true",
        "partNavMeshType": "1",
        "position": "x:-4.1708397865295 y:-15.036890983582 z:41.826927185059",
        "restitution": "0.03",
        "rotation": "x:0 y:0 z:0",
        "scale": "x:8 y:32.2737 z:15",
        "selectable": "true",
        "shape": "1",
        "staticBatchNo": "",
        "staticObject": "false",
        "useAnchor": "true",
        "useCollide": "true",
        "useGravity": "false",
        "useTextureAlpha": "false"
      }
    },
    {
      "class": "Part",
      "properties": {
        "angleVelocity": "x:0 y:0 z:0",
        "bloom": "false",
        "booleanOperation": "0",
        "btsKey": "ca3a36eb-2ca8-44f4-b471-43d59b841929",
        "cameraCollideEnable": "true",
        "cameraEnableCollide": "true",
        "collisionUniqueKey": "",
        "customThreshold": "1",
        "density": "5.5",
        "discardAlpha": "1.0",
        "friction": "0.26",
        "id": "8514034587610726401",
        "isLockedInEditor": "false",
        "isVisibleInEditor": "true",
        "lineVelocity": "x:0 y:0 z:0",
        "mass": "21300.635253906",
        "materialAlpha": "1.0",
        "materialColor": "r:0.41176470588235 g:0.44705882352941 b:0.56078431372549 a:1.0",
        "materialOffset": "x:1 y:1 z:1.0",
        "materialTexture": "part_xibo.tga",
        "name": "Part",
        "needSync": "true",
        "partNavMeshType": "1",
        "position": "x:1.2291597127914 y:-15.036890983582 z:61.22692489624",
        "restitution": "0.03",
        "rotation": "x:0 y:0 z:0",
        "scale": "x:8 y:32.2737 z:15",
        "selectable": "true",
        "shape": "1",
        "staticBatchNo": "",
        "staticObject": "false",
        "useAnchor": "true",
        "useCollide": "true",
        "useGravity": "false",
        "useTextureAlpha": "false"
      }
    },
    {
      "class": "Part",
      "properties": {
        "angleVelocity": "x:0 y:0 z:0",
        "bloom": "false",
        "booleanOperation": "0",
        "btsKey": "2b857975-eff1-43ae-88cd-bb252a4f0b7b",
        "cameraCollideEnable": "true",
        "cameraEnableCollide": "true",
        "collisionUniqueKey": "",
        "customThreshold": "1",
        "density": "5.5",
        "discardAlpha": "1.0",
        "friction": "0.26",
        "id": "8514035176575926273",
        "isLockedInEditor": "false",
        "isVisibleInEditor": "true",
        "lineVelocity": "x:0 y:0 z:0",
        "mass": "14922.611816406",
        "materialAlpha": "1.0",
        "materialColor": "r:0.41176470588235 g:0.44705882352941 b:0.56078431372549 a:1.0",
        "materialOffset": "x:1 y:1 z:1.0",
        "materialTexture": "part_xibo.tga",
        "name": "Part",
        "needSync": "true",
        "partNavMeshType": "1",
        "position": "x:0.029160007834435 y:-17.607542037964 z:85.626914978027",
        "restitution": "0.03",
        "rotation": "x:0 y:0 z:-9.9999990463257",
        "scale": "x:9.99995 y:27.1323 z:9.99995",
        "selectable": "true",
        "shape": "1",
        "staticBatchNo": "",
        "staticObject": "false",
        "useAnchor": "true",
        "useCollide": "true",
        "useGravity": "false",
        "useTextureAlpha": "false"
      }
    },
    {
      "class": "Part",
      "properties": {
        "angleVelocity": "x:0 y:0 z:0",
        "bloom": "false",
        "booleanOperation": "0",
        "btsKey": "e8a70928-ceba-4613-a8ae-35b664926653",
        "cameraCollideEnable": "true",
        "cameraEnableCollide": "true",
        "collisionUniqueKey": "",
        "customThreshold": "1",
        "density": "5.5",
        "discardAlpha": "1.0",
        "friction": "0.26",
        "id": "8514035891671891969",
        "isLockedInEditor": "false",
        "isVisibleInEditor": "true",
        "lineVelocity": "x:0 y:0 z:0",
        "mass": "21247.823974609",
        "materialAlpha": "1.0",
        "materialColor": "r:0.41176470588235 g:0.44705882352941 b:0.56078431372549 a:1.0",
        "materialOffset": "x:1 y:1 z:1.0",
        "materialTexture": "part_xibo.tga",
        "name": "Part",
        "needSync": "true",
        "partNavMeshType": "1",
        "position": "x:-2.1093764305115 y:-17.567739486694 z:102.82998657227",
        "restitution": "0.03",
        "rotation": "x:0 y:0 z:-19.999998092651",
        "scale": "x:14.2387 y:27.1322 z:9.99992",
        "selectable": "true",
        "shape": "1",
        "staticBatchNo": "",
        "staticObject": "false",
        "useAnchor": "true",
        "useCollide": "true",
        "useGravity": "false",
        "useTextureAlpha": "false"
      }
    },
    {
      "class": "Part",
      "properties": {
        "angleVelocity": "x:0 y:0 z:0",
        "bloom": "false",
        "booleanOperation": "0",
        "btsKey": "9a061479-1fdd-496b-a819-f905c7023f09",
        "cameraCollideEnable": "true",
        "cameraEnableCollide": "true",
        "collisionUniqueKey": "",
        "customThreshold": "1",
        "density": "5.5",
        "discardAlpha": "1.0",
        "friction": "0.26",
        "id": "8514036938907959297",
        "isLockedInEditor": "false",
        "isVisibleInEditor": "true",
        "lineVelocity": "x:0 y:0 z:0",
        "mass": "21807.741699219",
        "materialAlpha": "1.0",
        "materialColor": "r:0.41176470588235 g:0.44705882352941 b:0.56078431372549 a:1.0",
        "materialOffset": "x:1 y:1 z:1.0",
        "materialTexture": "part_xibo.tga",
        "name": "Part",
        "needSync": "true",
        "partNavMeshType": "1",
        "position": "x:-3.0642740726471 y:-18.147785186768 z:119.22999572754",
        "restitution": "0.03",
        "rotation": "x:0 y:0 z:-30",
        "scale": "x:14.6139 y:27.1322 z:9.99993",
        "selectable": "true",
        "shape": "1",
        "staticBatchNo": "",
        "staticObject": "false",
        "useAnchor": "true",
        "useCollide": "true",
        "useGravity": "false",
        "useTextureAlpha": "false"
      }
    },
    {
      "class": "Part",
      "properties": {
        "angleVelocity": "x:0 y:0 z:0",
        "bloom": "false",
        "booleanOperation": "0",
        "btsKey": "e41d2211-2bce-465a-a15a-956572c4bf0b",
        "cameraCollideEnable": "true",
        "cameraEnableCollide": "true",
        "collisionUniqueKey": "",
        "customThreshold": "1",
        "density": "5.5",
        "discardAlpha": "1.0",
        "friction": "0.26",
        "id": "8514037425337450497",
        "isLockedInEditor": "false",
        "isVisibleInEditor": "true",
        "lineVelocity": "x:0 y:0 z:0",
        "mass": "49164.440917969",
        "materialAlpha": "1.0",
        "materialColor": "r:0.41176470588235 g:0.44705882352941 b:0.56078431372549 a:1.0",
        "materialOffset": "x:1 y:1 z:1.0",
        "materialTexture": "part_xibo.tga",
        "name": "Part",
        "needSync": "true",
        "partNavMeshType": "1",
        "position": "x:-7.4417667388916 y:-14.68189239502 z:138.44752502441",
        "restitution": "0.03",
        "rotation": "x:0 y:0 z:-40",
        "scale": "x:28.3162 y:27.1321 z:11.6351",
        "selectable": "true",
        "shape": "1",
        "staticBatchNo": "",
        "staticObject": "false",
        "useAnchor": "true",
        "useCollide": "true",
        "useGravity": "false",
        "useTextureAlpha": "false"
      }
    },
    {
      "class": "Part",
      "properties": {
        "angleVelocity": "x:0 y:0 z:0",
        "bloom": "false",
        "booleanOperation": "0",
        "btsKey": "d7fc953c-ed6f-4cb2-a1d6-8591a5bcb9c1",
        "cameraCollideEnable": "true",
        "cameraEnableCollide": "true",
        "collisionUniqueKey": "",
        "customThreshold": "1",
        "density": "5.5",
        "discardAlpha": "1.0",
        "friction": "0.26",
        "id": "8514038423396892673",
        "isLockedInEditor": "false",
        "isVisibleInEditor": "true",
        "lineVelocity": "x:0 y:0 z:0",
        "mass": "42065.291748047",
        "materialAlpha": "1.0",
        "materialColor": "r:0.41176470588235 g:0.44705882352941 b:0.56078431372549 a:1.0",
        "materialOffset": "x:1 y:1 z:1.0",
        "materialTexture": "part_xibo.tga",
        "name": "Part",
        "needSync": "true",
        "partNavMeshType": "1",
        "position": "x:-11.621067047119 y:-15.036890983582 z:149.44151306152",
        "restitution": "0.03",
        "rotation": "x:0 y:0 z:0",
        "scale": "x:23.3003 y:32.2734 z:10.1708",
        "selectable": "true",
        "shape": "1",
        "staticBatchNo": "",
        "staticObject": "false",
        "useAnchor": "true",
        "useCollide": "true",
        "useGravity": "false",
        "useTextureAlpha": "false"
      }
    },
    {
      "class": "Part",
      "properties": {
        "angleVelocity": "x:0 y:0 z:0",
        "bloom": "false",
        "booleanOperation": "0",
        "btsKey": "564afe96-8bca-4a4d-910e-03eb4f931395",
        "cameraCollideEnable": "true",
        "cameraEnableCollide": "true",
        "collisionUniqueKey": "",
        "customThreshold": "1",
        "density": "5.5",
        "discardAlpha": "1.0",
        "friction": "0.26",
        "id": "8514039719522746369",
        "isLockedInEditor": "false",
        "isVisibleInEditor": "true",
        "lineVelocity": "x:0 y:0 z:0",
        "mass": "13889.413452148",
        "materialAlpha": "1.0",
        "materialColor": "r:0.41176470588235 g:0.44705882352941 b:0.56078431372549 a:1.0",
        "materialOffset": "x:1 y:1 z:1.0",
        "materialTexture": "part_xibo.tga",
        "name": "Part",
        "needSync": "true",
        "partNavMeshType": "1",
        "position": "x:-11.620745658875 y:3.3020620346069 z:152.50018310547",
        "restitution": "0.03",
        "rotation": "x:-40.000003814697 y:0 z:0",
        "scale": "x:23.2993 y:7.07794 z:15.3134",
        "selectable": "true",
        "shape": "1",
        "staticBatchNo": "",
        "staticObject": "false",
        "useAnchor": "true",
        "useCollide": "true",
        "useGravity": "false",
        "useTextureAlpha": "false"
      }
    },
    {
      "class": "Part",
      "properties": {
        "angleVelocity": "x:0 y:0 z:0",
        "bloom": "false",
        "booleanOperation": "0",
        "btsKey": "0bd30a3e-43b6-466d-90fa-c4619a388853",
        "cameraCollideEnable": "true",
        "cameraEnableCollide": "true",
        "collisionUniqueKey": "",
        "customThreshold": "1",
        "density": "5.5",
        "discardAlpha": "1.0",
        "friction": "0.26",
        "id": "8514041538485026817",
        "isLockedInEditor": "false",
        "isVisibleInEditor": "true",
        "lineVelocity": "x:0 y:0 z:0",
        "mass": "42065.291748047",
        "materialAlpha": "1.0",
        "materialColor": "r:0.41176470588235 g:0.44705882352941 b:0.56078431372549 a:1.0",
        "materialOffset": "x:1 y:1 z:1.0",
        "materialTexture": "part_xibo.tga",
        "name": "Part",
        "needSync": "true",
        "partNavMeshType": "1",
        "position": "x:-41.621070861816 y:-15.036890983582 z:149.44151306152",
        "restitution": "0.03",
        "rotation": "x:0 y:0 z:0",
        "scale": "x:23.3003 y:32.2734 z:10.1708",
        "selectable": "true",
        "shape": "1",
        "staticBatchNo": "",
        "staticObject": "false",
        "useAnchor": "true",
        "useCollide": "true",
        "useGravity": "false",
        "useTextureAlpha": "false"
      }
    },
    {
      "class": "Part",
      "properties": {
        "angleVelocity": "x:0 y:0 z:0",
        "bloom": "false",
        "booleanOperation": "0",
        "btsKey": "7d6c4bc8-1adb-435f-820b-e4b3d645b586",
        "cameraCollideEnable": "true",
        "cameraEnableCollide": "true",
        "collisionUniqueKey": "",
        "customThreshold": "1",
        "density": "5.5",
        "discardAlpha": "1.0",
        "friction": "0.26",
        "id": "8514041538487222273",
        "isLockedInEditor": "false",
        "isVisibleInEditor": "true",
        "lineVelocity": "x:0 y:0 z:0",
        "mass": "13879.255371094",
        "materialAlpha": "1.0",
        "materialColor": "r:0.41176470588235 g:0.44705882352941 b:0.56078431372549 a:1.0",
        "materialOffset": "x:1 y:1 z:1.0",
        "materialTexture": "part_xibo.tga",
        "name": "Part",
        "needSync": "true",
        "partNavMeshType": "1",
        "position": "x:-41.620750427246 y:3.2984549999237 z:152.49583435059",
        "restitution": "0.03",
        "rotation": "x:-40.000003814697 y:0 z:0",
        "scale": "x:23.2993 y:7.07794 z:15.3022",
        "selectable": "true",
        "shape": "1",
        "staticBatchNo": "",
        "staticObject": "false",
        "useAnchor": "true",
        "useCollide": "true",
        "useGravity": "false",
        "useTextureAlpha": "false"
      }
    },
    {
      "class": "Part",
      "properties": {
        "angleVelocity": "x:0 y:0 z:0",
        "bloom": "false",
        "booleanOperation": "0",
        "btsKey": "184e92d5-336e-40c3-b161-62a3a638da5e",
        "cameraCollideEnable": "true",
        "cameraEnableCollide": "true",
        "collisionUniqueKey": "",
        "customThreshold": "1",
        "density": "5.5",
        "discardAlpha": "1.0",
        "friction": "0.26",
        "id": "8514041647988490241",
        "isLockedInEditor": "false",
        "isVisibleInEditor": "true",
        "lineVelocity": "x:0 y:0 z:0",
        "mass": "42065.291748047",
        "materialAlpha": "1.0",
        "materialColor": "r:0.41176470588235 g:0.44705882352941 b:0.56078431372549 a:1.0",
        "materialOffset": "x:1 y:1 z:1.0",
        "materialTexture": "part_xibo.tga",
        "name": "Part",
        "needSync": "true",
        "partNavMeshType": "1",
        "position": "x:-71.621070861816 y:-15.036890983582 z:149.44151306152",
        "restitution": "0.03",
        "rotation": "x:0 y:0 z:0",
        "scale": "x:23.3003 y:32.2734 z:10.1708",
        "selectable": "true",
        "shape": "1",
        "staticBatchNo": "",
        "staticObject": "false",
        "useAnchor": "true",
        "useCollide": "true",
        "useGravity": "false",
        "useTextureAlpha": "false"
      }
    },
    {
      "class": "Part",
      "properties": {
        "angleVelocity": "x:0 y:0 z:0",
        "bloom": "false",
        "booleanOperation": "0",
        "btsKey": "4c00fae7-3d6b-4b36-bc71-63209a4dd746",
        "cameraCollideEnable": "true",
        "cameraEnableCollide": "true",
        "collisionUniqueKey": "",
        "customThreshold": "1",
        "density": "5.5",
        "discardAlpha": "1.0",
        "friction": "0.26",
        "id": "8514041647990620161",
        "isLockedInEditor": "false",
        "isVisibleInEditor": "true",
        "lineVelocity": "x:0 y:0 z:0",
        "mass": "13786.287109375",
        "materialAlpha": "1.0",
        "materialColor": "r:0.41176470588235 g:0.44705882352941 b:0.56078431372549 a:1.0",
        "materialOffset": "x:1 y:1 z:1.0",
        "materialTexture": "part_xibo.tga",
        "name": "Part",
        "needSync": "true",
        "partNavMeshType": "1",
        "position": "x:-71.620750427246 y:3.2655253410339 z:152.45660400391",
        "restitution": "0.03",
        "rotation": "x:-40.000003814697 y:0 z:0",
        "scale": "x:23.2993 y:7.07794 z:15.1997",
        "selectable": "true",
        "shape": "1",
        "staticBatchNo": "",
        "staticObject": "false",
        "useAnchor": "true",
        "useCollide": "true",
        "useGravity": "false",
        "useTextureAlpha": "false"
      }
    },
    {
      "class": "Part",
      "properties": {
        "angleVelocity": "x:0 y:0 z:0",
        "bloom": "false",
        "booleanOperation": "0",
        "btsKey": "9d188bad-4345-4dbc-ad0e-855081a2649a",
        "cameraCollideEnable": "true",
        "cameraEnableCollide": "true",
        "collisionUniqueKey": "",
        "customThreshold": "1",
        "density": "5.5",
        "discardAlpha": "1.0",
        "friction": "0.26",
        "id": "8514042460459581441",
        "isLockedInEditor": "false",
        "isVisibleInEditor": "true",
        "lineVelocity": "x:0 y:0 z:0",
        "mass": "26944.924316406",
        "materialAlpha": "1.0",
        "materialColor": "r:0.41176470588235 g:0.44705882352941 b:0.56078431372549 a:1.0",
        "materialOffset": "x:1 y:1 z:1.0",
        "materialTexture": "part_xibo.tga",
        "name": "Part",
        "needSync": "true",
        "partNavMeshType": "1",
        "position": "x:-101.59432983398 y:0.6779198050499 z:136.05458068848",
        "restitution": "0.03",
        "rotation": "x:-39.999984741211 y:-90 z:0",
        "scale": "x:23.2992 y:13.8337 z:15.1997",
        "selectable": "true",
        "shape": "1",
        "staticBatchNo": "",
        "staticObject": "false",
        "useAnchor": "true",
        "useCollide": "true",
        "useGravity": "false",
        "useTextureAlpha": "false"
      }
    },
    {
      "class": "Part",
      "properties": {
        "angleVelocity": "x:0 y:0 z:0",
        "bloom": "false",
        "booleanOperation": "0",
        "btsKey": "eea6bdba-e134-45af-ab79-101ef1388d71",
        "cameraCollideEnable": "true",
        "cameraEnableCollide": "true",
        "collisionUniqueKey": "",
        "customThreshold": "1",
        "density": "5.5",
        "discardAlpha": "1.0",
        "friction": "0.26",
        "id": "8514042460462727169",
        "isLockedInEditor": "false",
        "isVisibleInEditor": "true",
        "lineVelocity": "x:0 y:0 z:0",
        "mass": "81913.712890625",
        "materialAlpha": "1.0",
        "materialColor": "r:0.41176470588235 g:0.44705882352941 b:0.56078431372549 a:1.0",
        "materialOffset": "x:1 y:1 z:1.0",
        "materialTexture": "part_xibo.tga",
        "name": "Part",
        "needSync": "true",
        "partNavMeshType": "1",
        "position": "x:-101.22553253174 y:-15.036890029907 z:136.05418395996",
        "restitution": "0.03",
        "rotation": "x:0 y:-90 z:0",
        "scale": "x:23.3002 y:32.2732 z:19.8058",
        "selectable": "true",
        "shape": "1",
        "staticBatchNo": "",
        "staticObject": "false",
        "useAnchor": "true",
        "useCollide": "true",
        "useGravity": "false",
        "useTextureAlpha": "false"
      }
    },
    {
      "class": "Part",
      "properties": {
        "angleVelocity": "x:0 y:0 z:0",
        "bloom": "false",
        "booleanOperation": "0",
        "btsKey": "7ed03386-a134-4c4d-8ce1-c58778467fc7",
        "cameraCollideEnable": "true",
        "cameraEnableCollide": "true",
        "collisionUniqueKey": "",
        "customThreshold": "1",
        "density": "5.5",
        "discardAlpha": "1.0",
        "friction": "0.26",
        "id": "8514043368418803713",
        "isLockedInEditor": "false",
        "isVisibleInEditor": "true",
        "lineVelocity": "x:0 y:0 z:0",
        "mass": "37873.561279297",
        "materialAlpha": "1.0",
        "materialColor": "r:0.41176470588235 g:0.44705882352941 b:0.56078431372549 a:1.0",
        "materialOffset": "x:1 y:1 z:1.0",
        "materialTexture": "part_xibo.tga",
        "name": "Part",
        "needSync": "true",
        "partNavMeshType": "1",
        "position": "x:-100.03092956543 y:-6.2971820831299 z:109.05422210693",
        "restitution": "0.03",
        "rotation": "x:-9.9999990463257 y:-90 z:6.7263399614603e-06",
        "scale": "x:23.3001 y:24.7502 z:11.9409",
        "selectable": "true",
        "shape": "1",
        "staticBatchNo": "",
        "staticObject": "false",
        "useAnchor": "true",
        "useCollide": "true",
        "useGravity": "false",
        "useTextureAlpha": "false"
      }
    },
    {
      "class": "Part",
      "properties": {
        "angleVelocity": "x:0 y:0 z:0",
        "bloom": "false",
        "booleanOperation": "0",
        "btsKey": "688a7892-be75-4fba-bd57-02bb49f9e669",
        "cameraCollideEnable": "true",
        "cameraEnableCollide": "true",
        "collisionUniqueKey": "",
        "customThreshold": "1",
        "density": "5.5",
        "discardAlpha": "1.0",
        "friction": "0.26",
        "id": "8514047376581689345",
        "isLockedInEditor": "false",
        "isVisibleInEditor": "true",
        "lineVelocity": "x:0 y:0 z:0",
        "mass": "9320.7543945312",
        "materialAlpha": "1.0",
        "materialColor": "r:0.41176470588235 g:0.44705882352941 b:0.56078431372549 a:1.0",
        "materialOffset": "x:1 y:1 z:1.0",
        "materialTexture": "part_xibo.tga",
        "name": "Part",
        "needSync": "true",
        "partNavMeshType": "1",
        "position": "x:-102.32025146484 y:-6.4906845092773 z:80.454208374023",
        "restitution": "0.03",
        "rotation": "x:3.3115800306405e-06 y:-89.999992370605 z:3.4067182408393e-09",
        "scale": "x:23.3001 y:24.7501 z:2.93869",
        "selectable": "true",
        "shape": "1",
        "staticBatchNo": "",
        "staticObject": "false",
        "useAnchor": "true",
        "useCollide": "true",
        "useGravity": "false",
        "useTextureAlpha": "false"
      }
    },
    {
      "class": "Part",
      "properties": {
        "angleVelocity": "x:0 y:0 z:0",
        "bloom": "false",
        "booleanOperation": "0",
        "btsKey": "11ab3be7-ca0c-4b1e-a9b3-9646caa81ddd",
        "cameraCollideEnable": "true",
        "cameraEnableCollide": "true",
        "collisionUniqueKey": "",
        "customThreshold": "1",
        "density": "5.5",
        "discardAlpha": "1.0",
        "friction": "0.26",
        "id": "8514047805165387777",
        "isLockedInEditor": "false",
        "isVisibleInEditor": "true",
        "lineVelocity": "x:0 y:0 z:0",
        "mass": "13612.49597168",
        "materialAlpha": "1.0",
        "materialColor": "r:0.41176470588235 g:0.44705882352941 b:0.56078431372549 a:1.0",
        "materialOffset": "x:1 y:1 z:1.0",
        "materialTexture": "part_xibo.tga",
        "name": "Part",
        "needSync": "true",
        "partNavMeshType": "1",
        "position": "x:-100.98 y:-10.545999526978 z:59.046127319336",
        "restitution": "0.03",
        "rotation": "x:0 y:0 z:9.9999961853027",
        "scale": "x:10 y:24.75 z:10",
        "selectable": "true",
        "shape": "1",
        "staticBatchNo": "",
        "staticObject": "false",
        "useAnchor": "true",
        "useCollide": "true",
        "useGravity": "false",
        "useTextureAlpha": "false"
      }
    },
    {
      "class": "Part",
      "properties": {
        "angleVelocity": "x:0 y:0 z:0",
        "bloom": "false",
        "booleanOperation": "0",
        "btsKey": "491fb10e-13c7-4d3e-9dd6-7496f22ee208",
        "cameraCollideEnable": "true",
        "cameraEnableCollide": "true",
        "collisionUniqueKey": "",
        "customThreshold": "1",
        "density": "5.5",
        "discardAlpha": "1.0",
        "friction": "0.26",
        "id": "8514048993410809857",
        "isLockedInEditor": "false",
        "isVisibleInEditor": "true",
        "lineVelocity": "x:0 y:0 z:0",
        "mass": "2040.0263366699",
        "materialAlpha": "1.0",
        "materialColor": "r:0.41176470588235 g:0.44705882352941 b:0.56078431372549 a:1.0",
        "materialOffset": "x:1 y:1 z:1.0",
        "materialTexture": "part_xibo.tga",
        "name": "Part",
        "needSync": "true",
        "partNavMeshType": "1",
        "position": "x:-103.38513183594 y:-11.134832382202 z:43.076072692871",
        "restitution": "0.03",
        "rotation": "x:0 y:0 z:-7.9685542004881e-06",
        "scale": "x:1.50769 y:24.7499 z:9.94003",
        "selectable": "true",
        "shape": "1",
        "staticBatchNo": "",
        "staticObject": "false",
        "useAnchor": "true",
        "useCollide": "true",
        "useGravity": "false",
        "useTextureAlpha": "false"
      }
    },
    {
      "class": "Part",
      "properties": {
        "angleVelocity": "x:0 y:0 z:0",
        "bloom": "false",
        "booleanOperation": "0",
        "btsKey": "5270c4de-87b9-4740-a304-48812bfb9765",
        "cameraCollideEnable": "true",
        "cameraEnableCollide": "true",
        "collisionUniqueKey": "",
        "customThreshold": "1",
        "density": "5.5",
        "discardAlpha": "1.0",
        "friction": "0.26",
        "id": "8514050900757020673",
        "isLockedInEditor": "false",
        "isVisibleInEditor": "true",
        "lineVelocity": "x:0 y:0 z:0",
        "mass": "1979.7205352783",
        "materialAlpha": "1.0",
        "materialColor": "r:0.41176470588235 g:0.44705882352941 b:0.56078431372549 a:1.0",
        "materialOffset": "x:1 y:1 z:1.0",
        "materialTexture": "part_xibo.tga",
        "name": "Part",
        "needSync": "true",
        "partNavMeshType": "1",
        "position": "x:-102.78514099121 y:-11.134832382202 z:27.42297744751",
        "restitution": "0.03",
        "rotation": "x:0 y:0 z:-7.9685542004881e-06",
        "scale": "x:1.50769 y:24.7499 z:9.64619",
        "selectable": "true",
        "shape": "1",
        "staticBatchNo": "",
        "staticObject": "false",
        "useAnchor": "true",
        "useCollide": "true",
        "useGravity": "false",
        "useTextureAlpha": "false"
      }
    },
    {
      "class": "Part",
      "properties": {
        "angleVelocity": "x:0 y:0 z:0",
        "bloom": "false",
        "booleanOperation": "0",
        "btsKey": "6f9fee03-2747-4e2c-ad8c-27f59be00904",
        "cameraCollideEnable": "true",
        "cameraEnableCollide": "true",
        "collisionUniqueKey": "",
        "customThreshold": "1",
        "density": "5.5",
        "discardAlpha": "1.0",
        "friction": "0.26",
        "id": "8514051283979567105",
        "isLockedInEditor": "false",
        "isVisibleInEditor": "true",
        "lineVelocity": "x:0 y:0 z:0",
        "mass": "344.45013046265",
        "materialAlpha": "1.0",
        "materialColor": "r:0.41176470588235 g:0.44705882352941 b:0.56078431372549 a:1.0",
        "materialOffset": "x:1 y:1 z:1.0",
        "materialTexture": "part_xibo.tga",
        "name": "Part",
        "needSync": "true",
        "partNavMeshType": "1",
        "position": "x:-102.78514099121 y:1.1462435722351 z:27.368923187256",
        "restitution": "0.03",
        "rotation": "x:30.000001907349 y:0 z:0",
        "scale": "x:1.50767 y:5.00207 z:8.30439",
        "selectable": "true",
        "shape": "1",
        "staticBatchNo": "",
        "staticObject": "false",
        "useAnchor": "true",
        "useCollide": "true",
        "useGravity": "false",
        "useTextureAlpha": "false"
      }
    },
    {
      "class": "Part",
      "properties": {
        "angleVelocity": "x:0 y:0 z:0",
        "bloom": "false",
        "booleanOperation": "0",
        "btsKey": "91c9a850-0f6a-4c53-bfe5-ffa4a9046960",
        "cameraCollideEnable": "true",
        "cameraEnableCollide": "true",
        "collisionUniqueKey": "",
        "customThreshold": "1",
        "density": "5.5",
        "discardAlpha": "1.0",
        "friction": "0.26",
        "id": "8514051995147321345",
        "isLockedInEditor": "false",
        "isVisibleInEditor": "true",
        "lineVelocity": "x:0 y:0 z:0",
        "mass": "768.18180084229",
        "materialAlpha": "1.0",
        "materialColor": "r:0.41176470588235 g:0.44705882352941 b:0.56078431372549 a:1.0",
        "materialOffset": "x:1 y:1 z:1.0",
        "materialTexture": "part_xibo.tga",
        "name": "Part",
        "needSync": "true",
        "partNavMeshType": "1",
        "position": "x:-102.78514099121 y:-11.134832382202 z:12.319039344788",
        "restitution": "0.03",
        "rotation": "x:0 y:0 z:-7.9685542004881e-06",
        "scale": "x:0.799999 y:24.7499 z:7.05405",
        "selectable": "true",
        "shape": "1",
        "staticBatchNo": "",
        "staticObject": "false",
        "useAnchor": "true",
        "useCollide": "true",
        "useGravity": "false",
        "useTextureAlpha": "false"
      }
    },
    {
      "class": "Part",
      "properties": {
        "angleVelocity": "x:0 y:0 z:0",
        "bloom": "false",
        "booleanOperation": "0",
        "btsKey": "a45b100a-d232-4605-8960-b1a3bdcc7f2e",
        "cameraCollideEnable": "true",
        "cameraEnableCollide": "true",
        "collisionUniqueKey": "",
        "customThreshold": "1",
        "density": "5.5",
        "discardAlpha": "1.0",
        "friction": "0.26",
        "id": "8514052779359649793",
        "isLockedInEditor": "false",
        "isVisibleInEditor": "true",
        "lineVelocity": "x:0 y:0 z:0",
        "mass": "15988.932373047",
        "materialAlpha": "1.0",
        "materialColor": "r:0.41176470588235 g:0.44705882352941 b:0.56078431372549 a:1.0",
        "materialOffset": "x:1 y:1 z:1.0",
        "materialTexture": "part_xibo.tga",
        "name": "Part",
        "needSync": "true",
        "partNavMeshType": "1",
        "position": "x:-102.78514099121 y:-10.249238967896 z:-8.2156162261963",
        "restitution": "0.03",
        "rotation": "x:0 y:0 z:-7.9685542004881e-06",
        "scale": "x:5.99997 y:26.5209 z:18.2692",
        "selectable": "true",
        "shape": "1",
        "staticBatchNo": "",
        "staticObject": "false",
        "useAnchor": "true",
        "useCollide": "true",
        "useGravity": "false",
        "useTextureAlpha": "false"
      }
    },
    {
      "class": "Part",
      "properties": {
        "angleVelocity": "x:0 y:0 z:0",
        "bloom": "false",
        "booleanOperation": "0",
        "btsKey": "d7211137-65c8-4707-a7cd-9de883bccca1",
        "cameraCollideEnable": "true",
        "cameraEnableCollide": "true",
        "collisionUniqueKey": "",
        "customThreshold": "1",
        "density": "5.5",
        "discardAlpha": "1.0",
        "friction": "0.26",
        "id": "8514053256459829249",
        "isLockedInEditor": "false",
        "isVisibleInEditor": "true",
        "lineVelocity": "x:0 y:0 z:0",
        "mass": "1510.7169647217",
        "materialAlpha": "1.0",
        "materialColor": "r:0.41176470588235 g:0.44705882352941 b:0.56078431372549 a:1.0",
        "materialOffset": "x:1 y:1 z:1.0",
        "materialTexture": "part_xibo.tga",
        "name": "Part",
        "needSync": "true",
        "partNavMeshType": "1",
        "position": "x:-102.78514099121 y:2.9301316738129 z:-12.287809371948",
        "restitution": "0.03",
        "rotation": "x:29.999996185303 y:0 z:0",
        "scale": "x:5.99992 y:5.20794 z:8.79041",
        "selectable": "true",
        "shape": "1",
        "staticBatchNo": "",
        "staticObject": "false",
        "useAnchor": "true",
        "useCollide": "true",
        "useGravity": "false",
        "useTextureAlpha": "false"
      }
    },
    {
      "class": "Part",
      "properties": {
        "angleVelocity": "x:0 y:0 z:0",
        "bloom": "false",
        "booleanOperation": "0",
        "btsKey": "5848d5a6-e6d9-4e08-a919-7e60495cb976",
        "cameraCollideEnable": "true",
        "cameraEnableCollide": "true",
        "collisionUniqueKey": "",
        "customThreshold": "1",
        "density": "5.5",
        "discardAlpha": "1.0",
        "friction": "0.26",
        "id": "8514053959529037825",
        "isLockedInEditor": "false",
        "isVisibleInEditor": "true",
        "lineVelocity": "x:0 y:0 z:0",
        "mass": "24786.418701172",
        "materialAlpha": "1.0",
        "materialColor": "r:0.41176470588235 g:0.44705882352941 b:0.56078431372549 a:1.0",
        "materialOffset": "x:1 y:1 z:1.0",
        "materialTexture": "part_xibo.tga",
        "name": "Part",
        "needSync": "true",
        "partNavMeshType": "1",
        "position": "x:-102.78514099121 y:-8.6885852813721 z:-27.121992111206",
        "restitution": "0.03",
        "rotation": "x:0 y:0 z:-7.9685542004881e-06",
        "scale": "x:15 y:29.6422 z:10.1356",
        "selectable": "true",
        "shape": "1",
        "staticBatchNo": "",
        "staticObject": "false",
        "useAnchor": "true",
        "useCollide": "true",
        "useGravity": "false",
        "useTextureAlpha": "false"
      }
    },
    {
      "children": [
        {
          "class": "Part",
          "properties": {
            "angleVelocity": "x:0 y:0 z:0",
            "bloom": "false",
            "booleanOperation": "0",
            "btsKey": "8f13282a-5628-4378-96f4-128cd51de7fa",
            "cameraCollideEnable": "true",
            "collisionUniqueKey": "",
            "customThreshold": "1",
            "density": "2.5",
            "discardAlpha": "1.0",
            "friction": "0.6",
            "id": "8539450189542719489",
            "isLockedInEditor": "false",
            "isVisibleInEditor": "true",
            "lineVelocity": "x:0 y:0 z:0",
            "mass": "1.9999994337559",
            "materialAlpha": "1.0",
            "materialColor": "r:1.0 g:1.0 b:1.0 a:1.0",
            "materialOffset": "x:1 y:1 z:1.0",
            "materialTexture": "part_zhuankuai.tga",
            "name": "Part",
            "needSync": "true",
            "partNavMeshType": "1",
            "position": "x:-108.94231414795 y:10.332533836365 z:-26.43646812439",
            "restitution": "0.15",
            "rotation": "x:0 y:0 z:0",
            "scale": "x:1 y:0.8 z:1",
            "selectable": "true",
            "shape": "1",
            "staticBatchNo": "",
            "staticObject": "false",
            "useAnchor": "true",
            "useCollide": "true",
            "useGravity": "false",
            "useTextureAlpha": "false"
          }
        },
        {
          "class": "Part",
          "properties": {
            "angleVelocity": "x:0 y:0 z:0",
            "bloom": "false",
            "booleanOperation": "0",
            "btsKey": "b583ea84-02bb-4669-bc24-1eb7178ae140",
            "cameraCollideEnable": "true",
            "collisionUniqueKey": "",
            "customThreshold": "1",
            "density": "2.5",
            "discardAlpha": "1.0",
            "friction": "0.6",
            "id": "8539449888978616321",
            "isLockedInEditor": "false",
            "isVisibleInEditor": "true",
            "lineVelocity": "x:0 y:0 z:0",
            "mass": "1.9999994337559",
            "materialAlpha": "1.0",
            "materialColor": "r:1.0 g:1.0 b:1.0 a:1.0",
            "materialOffset": "x:1 y:1 z:1.0",
            "materialTexture": "part_zhuankuai.tga",
            "name": "Part",
            "needSync": "true",
            "partNavMeshType": "1",
            "position": "x:-108.94231414795 y:9.5325317382813 z:-25.896461486816",
            "restitution": "0.15",
            "rotation": "x:0 y:0 z:0",
            "scale": "x:1 y:0.8 z:1",
            "selectable": "true",
            "shape": "1",
            "staticBatchNo": "",
            "staticObject": "false",
            "useAnchor": "true",
            "useCollide": "true",
            "useGravity": "false",
            "useTextureAlpha": "false"
          }
        },
        {
          "class": "Part",
          "properties": {
            "angleVelocity": "x:0 y:0 z:0",
            "bloom": "false",
            "booleanOperation": "0",
            "btsKey": "9768a285-ed63-4129-863c-f37aea338223",
            "cameraCollideEnable": "true",
            "collisionUniqueKey": "",
            "customThreshold": "1",
            "density": "2.5",
            "discardAlpha": "1.0",
            "friction": "0.6",
            "id": "8539450427606958081",
            "isLockedInEditor": "false",
            "isVisibleInEditor": "true",
            "lineVelocity": "x:0 y:0 z:0",
            "mass": "1.9999994337559",
            "materialAlpha": "1.0",
            "materialColor": "r:1.0 g:1.0 b:1.0 a:1.0",
            "materialOffset": "x:1 y:1 z:1.0",
            "materialTexture": "part_zhuankuai.tga",
            "name": "Part",
            "needSync": "true",
            "partNavMeshType": "1",
            "position": "x:-108.94231414795 y:10.762534141541 z:-27.156463623047",
            "restitution": "0.15",
            "rotation": "x:0 y:0 z:0",
            "scale": "x:1 y:0.8 z:1",
            "selectable": "true",
            "shape": "1",
            "staticBatchNo": "",
            "staticObject": "false",
            "useAnchor": "true",
            "useCollide": "true",
            "useGravity": "false",
            "useTextureAlpha": "false"
          }
        },
        {
          "class": "Part",
          "properties": {
            "angleVelocity": "x:0 y:0 z:0",
            "bloom": "false",
            "booleanOperation": "0",
            "btsKey": "c978e0e6-bd8e-475e-a223-032d5f44c47b",
            "cameraCollideEnable": "true",
            "collisionUniqueKey": "",
            "customThreshold": "1",
            "density": "2.5",
            "discardAlpha": "1.0",
            "friction": "0.6",
            "id": "8539450712552701953",
            "isLockedInEditor": "false",
            "isVisibleInEditor": "true",
            "lineVelocity": "x:0 y:0 z:0",
            "mass": "7.4999982118607",
            "materialAlpha": "1.0",
            "materialColor": "r:1.0 g:1.0 b:1.0 a:1.0",
            "materialOffset": "x:1 y:1 z:1.0",
            "materialTexture": "part_zhuankuai.tga",
            "name": "Part",
            "needSync": "true",
            "partNavMeshType": "1",
            "position": "x:-108.94230651855 y:7.6325387954712 z:-28.926465988159",
            "restitution": "0.15",
            "rotation": "x:0 y:-179.99998474121 z:0",
            "scale": "x:1 y:3 z:1",
            "selectable": "true",
            "shape": "1",
            "staticBatchNo": "",
            "staticObject": "false",
            "useAnchor": "true",
            "useCollide": "true",
            "useGravity": "false",
            "useTextureAlpha": "false"
          }
        },
        {
          "class": "Part",
          "properties": {
            "angleVelocity": "x:0 y:0 z:0",
            "bloom": "false",
            "booleanOperation": "0",
            "btsKey": "fde509b8-1b02-4f1c-9548-81c02855ca91",
            "cameraCollideEnable": "true",
            "collisionUniqueKey": "",
            "customThreshold": "1",
            "density": "2.5",
            "discardAlpha": "1.0",
            "friction": "0.6",
            "id": "8539450712554831873",
            "isLockedInEditor": "false",
            "isVisibleInEditor": "true",
            "lineVelocity": "x:0 y:0 z:0",
            "mass": "1.9999994337559",
            "materialAlpha": "1.0",
            "materialColor": "r:1.0 g:1.0 b:1.0 a:1.0",
            "materialOffset": "x:1 y:1 z:1.0",
            "materialTexture": "part_zhuankuai.tga",
            "name": "Part",
            "needSync": "true",
            "partNavMeshType": "1",
            "position": "x:-108.94230651855 y:10.332533836365 z:-27.876462936401",
            "restitution": "0.15",
            "rotation": "x:0 y:-179.99998474121 z:0",
            "scale": "x:1 y:0.8 z:1",
            "selectable": "true",
            "shape": "1",
            "staticBatchNo": "",
            "staticObject": "false",
            "useAnchor": "true",
            "useCollide": "true",
            "useGravity": "false",
            "useTextureAlpha": "false"
          }
        },
        {
          "class": "Part",
          "properties": {
            "angleVelocity": "x:0 y:0 z:0",
            "bloom": "false",
            "booleanOperation": "0",
            "btsKey": "4f80bbb0-054b-4387-9cf3-c1f06347ae67",
            "cameraCollideEnable": "true",
            "collisionUniqueKey": "",
            "customThreshold": "1",
            "density": "2.5",
            "discardAlpha": "1.0",
            "friction": "0.6",
            "id": "8539449452572327937",
            "isLockedInEditor": "false",
            "isVisibleInEditor": "true",
            "lineVelocity": "x:0 y:0 z:0",
            "mass": "7.4999982118607",
            "materialAlpha": "1.0",
            "materialColor": "r:1.0 g:1.0 b:1.0 a:1.0",
            "materialOffset": "x:1 y:1 z:1.0",
            "materialTexture": "part_zhuankuai.tga",
            "name": "Part",
            "needSync": "true",
            "partNavMeshType": "1",
            "position": "x:-108.94231414795 y:7.6325387954712 z:-25.386463165283",
            "restitution": "0.15",
            "rotation": "x:0 y:0 z:0",
            "scale": "x:1 y:3 z:1",
            "selectable": "true",
            "shape": "1",
            "staticBatchNo": "",
            "staticObject": "false",
            "useAnchor": "true",
            "useCollide": "true",
            "useGravity": "false",
            "useTextureAlpha": "false"
          }
        },
        {
          "class": "Part",
          "properties": {
            "angleVelocity": "x:0 y:0 z:0",
            "bloom": "false",
            "booleanOperation": "0",
            "btsKey": "2dc43b1f-1021-43dd-b12c-89dd735d1f2e",
            "cameraCollideEnable": "true",
            "collisionUniqueKey": "",
            "customThreshold": "1",
            "density": "2.5",
            "discardAlpha": "1.0",
            "friction": "0.6",
            "id": "8539450712556912641",
            "isLockedInEditor": "false",
            "isVisibleInEditor": "true",
            "lineVelocity": "x:0 y:0 z:0",
            "mass": "1.9999994337559",
            "materialAlpha": "1.0",
            "materialColor": "r:1.0 g:1.0 b:1.0 a:1.0",
            "materialOffset": "x:1 y:1 z:1.0",
            "materialTexture": "part_zhuankuai.tga",
            "name": "Part",
            "needSync": "true",
            "partNavMeshType": "1",
            "position": "x:-108.94230651855 y:9.5325317382813 z:-28.416463851929",
            "restitution": "0.15",
            "rotation": "x:0 y:-179.99998474121 z:0",
            "scale": "x:1 y:0.8 z:1",
            "selectable": "true",
            "shape": "1",
            "staticBatchNo": "",
            "staticObject": "false",
            "useAnchor": "true",
            "useCollide": "true",
            "useGravity": "false",
            "useTextureAlpha": "false"
          }
        }
      ],
      "class": "Model",
      "properties": {
        "id": "8539451148329861121",
        "name": "Model",
        "needSync": "true",
        "position": "x:-108.94230651855 y:8.6475324630737 z:-27.156463623047",
        "rotation": "x:0 y:0 z:0",
        "scale": "x:1 y:1 z:1",
        "selectable": "true"
      }
    },
    {
      "class": "RegionPart",
      "properties": {
        "cfgName": "myplugin/f64e15bb-fa70-45c1-9d24-7bbc23dc56e1",
        "id": "8540003390180212737",
        "name": "NextMap",
        "needSync": "true",
        "position": "x:-108.93047332764 y:8.4204730987549 z:-27.201671600342",
        "rotation": "x:0 y:0 z:0",
        "scale": "x:0.999998 y:4.764 z:2.63041",
        "selectable": "true"
      }
    },
    {
      "children": [
        {
          "class": "Decal",
          "properties": {
            "decalAlpha": "1",
            "decalColor": "r:1.0 g:1.0 b:1.0 a:1.0",
            "decalImageType": "0",
            "decalOffset": "x:0 y:0 z:1.0",
            "decalSurface": "4",
            "decalTexture": "asset/Texture/Skill/common/icon_开镜_act.png",
            "decalTiling": "x:0 y:0 z:1.0",
            "id": "8540925531052048385",
            "name": "Decal"
          }
        }
      ],
      "class": "Part",
      "properties": {
        "angleVelocity": "x:0 y:0 z:0",
        "bloom": "false",
        "booleanOperation": "0",
        "btsKey": "b4929577-8779-4f68-9439-0e49436de3dc",
        "cameraCollideEnable": "true",
        "cameraEnableCollide": "true",
        "collisionUniqueKey": "",
        "customThreshold": "1",
        "density": "2.2",
        "discardAlpha": "1.0",
        "friction": "0.37",
        "id": "8540924990281744385",
        "isLockedInEditor": "false",
        "isVisibleInEditor": "true",
        "lineVelocity": "x:0 y:0 z:0",
        "mass": "106.89794158936",
        "materialAlpha": "1.0",
        "materialColor": "r:1.0 g:1.0 b:1.0 a:1.0",
        "materialOffset": "x:1 y:1 z:1.0",
        "materialTexture": "part_suliao.tga",
        "name": "checkpoint",
        "needSync": "true",
        "partNavMeshType": "1",
        "position": "x:0.039004325866699 y:1.2311546802521 z:1.124253988266",
        "restitution": "0.3",
        "rotation": "x:0 y:0 z:0",
        "scale": "x:13.6951 y:0.262386 z:13.522",
        "selectable": "true",
        "shape": "1",
        "staticBatchNo": "",
        "staticObject": "false",
        "useAnchor": "true",
        "useCollide": "true",
        "useGravity": "true",
        "useTextureAlpha": "false"
      }
    },
    {
      "class": "Entity",
      "config": "myplugin/crystal",
      "properties": {
        "id": "8548215144364097537",
        "name": "crystal",
        "needSync": "true",
        "position": "x:3.0602259635925 y:1.0999646186829 z:25.992588043213",
        "rotation": "x:0 y:0 z:0",
        "scale": "x:1 y:1 z:1",
        "selectable": "true"
      }
    },
    {
      "class": "Entity",
      "config": "myplugin/crystal",
      "properties": {
        "id": "8548215781903761409",
        "name": "crystal",
        "needSync": "true",
        "position": "x:-7.0311555862427 y:1.099968791008 z:41.399524688721",
        "rotation": "x:0 y:0 z:0",
        "scale": "x:1 y:1 z:1",
        "selectable": "true"
      }
    },
    {
      "class": "Entity",
      "config": "myplugin/crystal",
      "properties": {
        "id": "8548215903359221761",
        "name": "crystal",
        "needSync": "true",
        "position": "x:8.2777862548828 y:-6.8015832901001 z:102.43636322021",
        "rotation": "x:0 y:0 z:0",
        "scale": "x:1 y:1 z:1",
        "selectable": "true"
      }
    },
    {
      "class": "Entity",
      "config": "myplugin/crystal",
      "properties": {
        "id": "8548215935839879169",
        "name": "crystal",
        "needSync": "true",
        "position": "x:7.7608060836792 y:-9.4828414916992 z:141.24995422363",
        "rotation": "x:0 y:0 z:0",
        "scale": "x:1 y:1 z:1",
        "selectable": "true"
      }
    },
    {
      "class": "Entity",
      "config": "myplugin/crystal",
      "properties": {
        "id": "8548216042316988417",
        "name": "crystal",
        "needSync": "true",
        "position": "x:-21.335083007813 y:9.741569519043 z:154.36685180664",
        "rotation": "x:0 y:0 z:0",
        "scale": "x:1 y:1 z:1",
        "selectable": "true"
      }
    },
    {
      "class": "Entity",
      "config": "myplugin/crystal",
      "properties": {
        "id": "8548216050060656641",
        "name": "crystal",
        "needSync": "true",
        "position": "x:-13.28129196167 y:9.3096122741699 z:153.84985351563",
        "rotation": "x:0 y:0 z:0",
        "scale": "x:1 y:1 z:1",
        "selectable": "true"
      }
    },
    {
      "class": "Entity",
      "config": "myplugin/crystal",
      "properties": {
        "id": "8548216061918511105",
        "name": "crystal",
        "needSync": "true",
        "position": "x:-3.8348217010498 y:9.7252626419067 z:154.3434753418",
        "rotation": "x:0 y:0 z:0",
        "scale": "x:1 y:1 z:1",
        "selectable": "true"
      }
    },
    {
      "class": "Entity",
      "config": "myplugin/crystal",
      "properties": {
        "id": "8548216082964430849",
        "name": "crystal",
        "needSync": "true",
        "position": "x:-32.68034362793 y:9.2940282821655 z:153.83306884766",
        "rotation": "x:0 y:0 z:0",
        "scale": "x:1 y:1 z:1",
        "selectable": "true"
      }
    },
    {
      "class": "Entity",
      "config": "myplugin/crystal",
      "properties": {
        "id": "8548216092719136769",
        "name": "crystal",
        "needSync": "true",
        "position": "x:-39.792060852051 y:8.9378032684326 z:153.41033935547",
        "rotation": "x:0 y:0 z:0",
        "scale": "x:1 y:1 z:1",
        "selectable": "true"
      }
    },
    {
      "class": "Entity",
      "config": "myplugin/crystal",
      "properties": {
        "id": "8548216100292624385",
        "name": "crystal",
        "needSync": "true",
        "position": "x:-44.268058776855 y:9.6346702575684 z:154.24234008789",
        "rotation": "x:0 y:0 z:0",
        "scale": "x:1 y:1 z:1",
        "selectable": "true"
      }
    },
    {
      "class": "Entity",
      "config": "myplugin/crystal",
      "properties": {
        "id": "8548216113753145345",
        "name": "crystal",
        "needSync": "true",
        "position": "x:-50.136154174805 y:9.2716798782349 z:153.81120300293",
        "rotation": "x:0 y:0 z:0",
        "scale": "x:1 y:1 z:1",
        "selectable": "true"
      }
    },
    {
      "class": "Entity",
      "config": "myplugin/crystal",
      "properties": {
        "id": "8548216140018647041",
        "name": "crystal",
        "needSync": "true",
        "position": "x:-79.953521728516 y:9.4082221984863 z:153.97470092773",
        "rotation": "x:0 y:0 z:0",
        "scale": "x:1 y:1 z:1",
        "selectable": "true"
      }
    },
    {
      "class": "Entity",
      "config": "myplugin/crystal",
      "properties": {
        "id": "8548216147747766273",
        "name": "crystal",
        "needSync": "true",
        "position": "x:-72.519119262695 y:8.791675567627 z:153.23747253418",
        "rotation": "x:0 y:0 z:0",
        "scale": "x:1 y:1 z:1",
        "selectable": "true"
      }
    },
    {
      "class": "Entity",
      "config": "myplugin/crystal",
      "properties": {
        "id": "8548216153828622337",
        "name": "crystal",
        "needSync": "true",
        "position": "x:-67.457733154297 y:8.8694839477539 z:153.32858276367",
        "rotation": "x:0 y:0 z:0",
        "scale": "x:1 y:1 z:1",
        "selectable": "true"
      }
    },
    {
      "class": "Entity",
      "config": "myplugin/crystal",
      "properties": {
        "id": "8548216162647851009",
        "name": "crystal",
        "needSync": "true",
        "position": "x:-62.154903411865 y:8.6157627105713 z:153.0244140625",
        "rotation": "x:0 y:0 z:0",
        "scale": "x:1 y:1 z:1",
        "selectable": "true"
      }
    },
    {
      "class": "Entity",
      "config": "myplugin/crystal",
      "properties": {
        "id": "8548216211284656129",
        "name": "crystal",
        "needSync": "true",
        "position": "x:-76.618087768555 y:8.9721183776855 z:153.45022583008",
        "rotation": "x:0 y:0 z:0",
        "scale": "x:1 y:1 z:1",
        "selectable": "true"
      }
    },
    {
      "class": "Entity",
      "config": "myplugin/crystal",
      "properties": {
        "id": "8548216253882793985",
        "name": "crystal",
        "needSync": "true",
        "position": "x:-101.3537902832 y:9.7617321014404 z:142.25830078125",
        "rotation": "x:0 y:0 z:0",
        "scale": "x:1 y:1 z:1",
        "selectable": "true"
      }
    },
    {
      "class": "Entity",
      "config": "myplugin/crystal",
      "properties": {
        "id": "8548216263415169025",
        "name": "crystal",
        "needSync": "true",
        "position": "x:-101.45781707764 y:9.8494777679443 z:134.28219604492",
        "rotation": "x:0 y:0 z:0",
        "scale": "x:1 y:1 z:1",
        "selectable": "true"
      }
    },
    {
      "class": "Entity",
      "config": "myplugin/crystal",
      "properties": {
        "id": "8548216279084023809",
        "name": "crystal",
        "needSync": "true",
        "position": "x:-100.07723999023 y:8.691291809082 z:127.35148620605",
        "rotation": "x:0 y:0 z:0",
        "scale": "x:1 y:1 z:1",
        "selectable": "true"
      }
    },
    {
      "class": "Entity",
      "config": "myplugin/crystal",
      "properties": {
        "id": "8548216354846523393",
        "name": "crystal",
        "needSync": "true",
        "position": "x:-93.767356872559 y:5.2204456329346 z:101.51649475098",
        "rotation": "x:0 y:0 z:0",
        "scale": "x:1 y:1 z:1",
        "selectable": "true"
      }
    },
    {
      "class": "Entity",
      "config": "myplugin/crystal",
      "properties": {
        "id": "8548216375198089217",
        "name": "crystal",
        "needSync": "true",
        "position": "x:-92.850296020508 y:5.0600714683533 z:107.04626464844",
        "rotation": "x:0 y:0 z:0",
        "scale": "x:1 y:1 z:1",
        "selectable": "true"
      }
    },
    {
      "class": "Entity",
      "config": "myplugin/crystal",
      "properties": {
        "id": "8548216476045131777",
        "name": "crystal",
        "needSync": "true",
        "position": "x:-96.525192260742 y:6.1349673271179 z:-30.289735794067",
        "rotation": "x:0 y:0 z:0",
        "scale": "x:1 y:1 z:1",
        "selectable": "true"
      }
    },
    {
      "class": "Entity",
      "config": "myplugin/crystal",
      "properties": {
        "id": "8548216513899053057",
        "name": "crystal",
        "needSync": "true",
        "position": "x:-108.9365234375 y:6.1325130462646 z:-31.112266540527",
        "rotation": "x:0 y:0 z:0",
        "scale": "x:1 y:1 z:1",
        "selectable": "true"
      }
    },
    {
      "class": "Entity",
      "config": "myplugin/crystal",
      "properties": {
        "id": "8548216528599105537",
        "name": "crystal",
        "needSync": "true",
        "position": "x:-108.86594390869 y:6.1327476501465 z:-23.329296112061",
        "rotation": "x:0 y:0 z:0",
        "scale": "x:1 y:1 z:1",
        "selectable": "true"
      }
    },
    {
      "class": "Entity",
      "config": "myplugin/crystal",
      "properties": {
        "id": "8548216651007852545",
        "name": "crystal",
        "needSync": "true",
        "position": "x:-99.437240600586 y:2.3502922058105 z:56.216430664063",
        "rotation": "x:0 y:0 z:0",
        "scale": "x:1 y:1 z:1",
        "selectable": "true"
      }
    },
    {
      "class": "Entity",
      "config": "myplugin/crystal",
      "properties": {
        "id": "8548216672836894721",
        "name": "crystal",
        "needSync": "true",
        "position": "x:-107.15154266357 y:0.99190521240234 z:63.083534240723",
        "rotation": "x:0 y:0 z:0",
        "scale": "x:1 y:1 z:1",
        "selectable": "true"
      }
    }
  ],
  "skyBox": [
    {
      "texture": [
        "@asset/speedrung/map5/sky.png",
        "@asset/speedrung/map5/sky.png",
        "@asset/speedrung/map5/sky.png",
        "@asset/speedrung/map5/sky.png",
        "@asset/speedrung/map5/sky.png",
        "@asset/speedrung/map5/sky.png"
      ]
    }
  ],
  "skyBoxRotate": {
    "x": 0,
    "y": 0,
    "z": 0
  },
  "skyBoxTexPixFmt": "RGBA8",
  "skyBoxTexSize": 512,
  "touchPosY": {
    "touchdownPosY": -30.0,
    "touchupPosY": 720.0
  }
}