{
  "canBreak": true,
  "hideCloud": true,
  "moveDownGravity": 0.15,
  "scene": [
    {
      "class": "VoxelTerrain",
      "properties": {
        "id": "26644713697705985",
        "name": "VoxelTerrain",
        "uniqueKey": "map001"
      }
    },
    {
      "class": "Entity",
      "config": "myplugin/player1",
      "properties": {
        "id": "8504222558422384641",
        "name": "Player",
        "needSync": "true",
        "position": "x:0 y:1.5 z:0",
        "rotation": "x:0 y:0 z:0",
        "scale": "x:1 y:1 z:1",
        "selectable": "true"
      }
    },
    {
      "children": [
        {
          "class": "Decal",
          "properties": {
            "decalAlpha": "1",
            "decalColor": "r:1.0 g:1.0 b:1.0 a:1.0",
            "decalImageType": "2",
            "decalOffset": "x:0 y:0 z:1.0",
            "decalSurface": "4",
            "decalTexture": "asset/Texture/Skill/common/icon_游戏内_上_act.png",
            "decalTiling": "x:1 y:1 z:1.0",
            "id": "8504226925494714369",
            "name": "Decal"
          }
        }
      ],
      "class": "Part",
      "properties": {
        "angleVelocity": "x:0 y:0 z:0",
        "bloom": "false",
        "booleanOperation": "0",
        "btsKey": "bcaa6f1d-fe24-4680-8db5-c47b1a2ade87",
        "cameraCollideEnable": "true",
        "cameraEnableCollide": "true",
        "collisionUniqueKey": "",
        "customThreshold": "1",
        "density": "7.9",
        "discardAlpha": "1.0",
        "friction": "0.2",
        "id": "8504224747724455937",
        "isLockedInEditor": "false",
        "isVisibleInEditor": "true",
        "lineVelocity": "x:0 y:0 z:0",
        "mass": "55.365681648254",
        "materialAlpha": "1.0",
        "materialColor": "r:1.0 g:1.0 b:1.0 a:1.0",
        "materialOffset": "x:1 y:1 z:1.0",
        "materialTexture": "part_gangban.tga",
        "name": "start",
        "needSync": "true",
        "partNavMeshType": "1",
        "position": "x:-0.079819679260254 y:1 z:-2.8545741770358e-08",
        "restitution": "0.06",
        "rotation": "x:0 y:90 z:0",
        "scale": "x:5.99998 y:0.199999 z:5.84031",
        "selectable": "true",
        "shape": "1",
        "staticBatchNo": "",
        "staticObject": "false",
        "useAnchor": "true",
        "useCollide": "true",
        "useGravity": "false",
        "useTextureAlpha": "false"
      }
    },
    {
      "class": "Part",
      "properties": {
        "angleVelocity": "x:0 y:0 z:0",
        "bloom": "false",
        "booleanOperation": "0",
        "btsKey": "bcffda1b-1c56-4e17-8019-34636a4fd800",
        "cameraCollideEnable": "true",
        "cameraEnableCollide": "true",
        "collisionUniqueKey": "",
        "customThreshold": "1",
        "density": "2.2",
        "discardAlpha": "1.0",
        "friction": "0.37",
        "id": "8504229736959426561",
        "isLockedInEditor": "false",
        "isVisibleInEditor": "true",
        "lineVelocity": "x:0 y:0 z:0",
        "mass": "3.5200000524521",
        "materialAlpha": "1.0",
        "materialColor": "r:1.0 g:0.48627450980392 b:0.32941176470588 a:1.0",
        "materialOffset": "x:1 y:1 z:1.0",
        "materialTexture": "part_suliao.tga",
        "name": "Part",
        "needSync": "true",
        "partNavMeshType": "1",
        "position": "x:-1.8039378346657e-06 y:1 z:4.9999995231628",
        "restitution": "0.3",
        "rotation": "x:0 y:90 z:0",
        "scale": "x:1 y:0.4 z:4",
        "selectable": "true",
        "shape": "1",
        "staticBatchNo": "",
        "staticObject": "false",
        "useAnchor": "true",
        "useCollide": "true",
        "useGravity": "false",
        "useTextureAlpha": "false"
      }
    },
    {
      "class": "Part",
      "properties": {
        "angleVelocity": "x:0 y:0 z:0",
        "bloom": "false",
        "booleanOperation": "0",
        "btsKey": "31e5a534-5562-48a3-8ac6-ae2d44f95b44",
        "cameraCollideEnable": "true",
        "cameraEnableCollide": "true",
        "collisionUniqueKey": "",
        "customThreshold": "1",
        "density": "2.2",
        "discardAlpha": "1.0",
        "friction": "0.37",
        "id": "8504231956499103745",
        "isLockedInEditor": "false",
        "isVisibleInEditor": "true",
        "lineVelocity": "x:0 y:0 z:0",
        "mass": "8.8",
        "materialAlpha": "1.0",
        "materialColor": "r:1.0 g:0.61960784313725 b:0.074509803921569 a:1.0",
        "materialOffset": "x:1 y:1 z:1.0",
        "materialTexture": "part_suliao.tga",
        "name": "Part",
        "needSync": "true",
        "partNavMeshType": "1",
        "position": "x:-1.1368683772162e-12 y:1.2999999523163 z:7",
        "restitution": "0.3",
        "rotation": "x:0 y:90 z:0",
        "scale": "x:1 y:1 z:4",
        "selectable": "true",
        "shape": "1",
        "staticBatchNo": "",
        "staticObject": "false",
        "useAnchor": "true",
        "useCollide": "true",
        "useGravity": "false",
        "useTextureAlpha": "false"
      }
    },
    {
      "class": "Part",
      "properties": {
        "angleVelocity": "x:0 y:0 z:0",
        "bloom": "false",
        "booleanOperation": "0",
        "btsKey": "d4097465-a502-4b07-881e-6196c5927c7d",
        "cameraCollideEnable": "true",
        "cameraEnableCollide": "true",
        "collisionUniqueKey": "",
        "customThreshold": "1",
        "density": "2.2",
        "discardAlpha": "1.0",
        "friction": "0.37",
        "id": "8504235634811584513",
        "isLockedInEditor": "false",
        "isVisibleInEditor": "true",
        "lineVelocity": "x:0 y:0 z:0",
        "mass": "17.6",
        "materialAlpha": "1.0",
        "materialColor": "r:1.0 g:0.96862745098039 b:0.0 a:1.0",
        "materialOffset": "x:1 y:1 z:1.0",
        "materialTexture": "part_suliao.tga",
        "name": "Part",
        "needSync": "true",
        "partNavMeshType": "1",
        "position": "x:0 y:1.743567109108 z:9",
        "restitution": "0.3",
        "rotation": "x:0 y:90 z:0",
        "scale": "x:1 y:2 z:4",
        "selectable": "true",
        "shape": "1",
        "staticBatchNo": "",
        "staticObject": "false",
        "useAnchor": "true",
        "useCollide": "true",
        "useGravity": "false",
        "useTextureAlpha": "false"
      }
    },
    {
      "class": "Part",
      "properties": {
        "angleVelocity": "x:0 y:0 z:0",
        "bloom": "false",
        "booleanOperation": "0",
        "btsKey": "829f29e3-76e8-4c1b-92de-f464c1dd6445",
        "cameraCollideEnable": "true",
        "cameraEnableCollide": "true",
        "collisionUniqueKey": "",
        "customThreshold": "1",
        "density": "2.2",
        "discardAlpha": "1.0",
        "friction": "0.37",
        "id": "8504239893844934657",
        "isLockedInEditor": "false",
        "isVisibleInEditor": "true",
        "lineVelocity": "x:0 y:0 z:0",
        "mass": "26.4",
        "materialAlpha": "1.0",
        "materialColor": "r:0.53333333333333 g:1.0 b:0.0 a:1.0",
        "materialOffset": "x:1 y:1 z:1.0",
        "materialTexture": "part_suliao.tga",
        "name": "Part",
        "needSync": "true",
        "partNavMeshType": "1",
        "position": "x:0 y:2.2 z:11",
        "restitution": "0.3",
        "rotation": "x:0 y:90 z:0",
        "scale": "x:1 y:3 z:4",
        "selectable": "true",
        "shape": "1",
        "staticBatchNo": "",
        "staticObject": "false",
        "useAnchor": "true",
        "useCollide": "true",
        "useGravity": "false",
        "useTextureAlpha": "false"
      }
    },
    {
      "class": "Part",
      "properties": {
        "angleVelocity": "x:0 y:0 z:0",
        "bloom": "false",
        "booleanOperation": "0",
        "btsKey": "0ada739a-f0ab-4374-bcfe-90229dbfe4e6",
        "cameraCollideEnable": "true",
        "cameraEnableCollide": "true",
        "collisionUniqueKey": "",
        "customThreshold": "1",
        "density": "2.2",
        "discardAlpha": "1.0",
        "friction": "0.37",
        "id": "8504245221362368513",
        "isLockedInEditor": "false",
        "isVisibleInEditor": "true",
        "lineVelocity": "x:0 y:0 z:0",
        "mass": "3.5200000524521",
        "materialAlpha": "1.0",
        "materialColor": "r:0.72549019607843 g:0.28627450980392 b:1.0 a:1.0",
        "materialOffset": "x:1 y:1 z:1.0",
        "materialTexture": "part_suliao.tga",
        "name": "Part",
        "needSync": "true",
        "partNavMeshType": "1",
        "position": "x:-5.5534510465804e-06 y:1 z:17.073289871216",
        "restitution": "0.3",
        "rotation": "x:0 y:90 z:0",
        "scale": "x:1 y:0.4 z:4",
        "selectable": "true",
        "shape": "1",
        "staticBatchNo": "",
        "staticObject": "false",
        "useAnchor": "true",
        "useCollide": "true",
        "useGravity": "false",
        "useTextureAlpha": "false"
      }
    },
    {
      "class": "Part",
      "properties": {
        "angleVelocity": "x:0 y:0 z:0",
        "bloom": "false",
        "booleanOperation": "0",
        "btsKey": "3149525c-d07d-4b15-9b0c-1257a3d73fdd",
        "cameraCollideEnable": "true",
        "cameraEnableCollide": "true",
        "collisionUniqueKey": "",
        "customThreshold": "1",
        "density": "2.2",
        "discardAlpha": "1.0",
        "friction": "0.37",
        "id": "8504245221364645889",
        "isLockedInEditor": "false",
        "isVisibleInEditor": "true",
        "lineVelocity": "x:0 y:0 z:0",
        "mass": "8.8",
        "materialAlpha": "1.0",
        "materialColor": "r:0.0 g:0.73333333333333 b:1.0 a:1.0",
        "materialOffset": "x:1 y:1 z:1.0",
        "materialTexture": "part_suliao.tga",
        "name": "Part",
        "needSync": "true",
        "partNavMeshType": "1",
        "position": "x:-4.0830655052559e-06 y:1.3 z:15.073295593262",
        "restitution": "0.3",
        "rotation": "x:0 y:90 z:0",
        "scale": "x:1 y:1 z:4",
        "selectable": "true",
        "shape": "1",
        "staticBatchNo": "",
        "staticObject": "false",
        "useAnchor": "true",
        "useCollide": "true",
        "useGravity": "false",
        "useTextureAlpha": "false"
      }
    },
    {
      "class": "Part",
      "properties": {
        "angleVelocity": "x:0 y:0 z:0",
        "bloom": "false",
        "booleanOperation": "0",
        "btsKey": "b1d14a69-cb2a-430d-aef2-aac8a65a71e4",
        "cameraCollideEnable": "true",
        "cameraEnableCollide": "true",
        "collisionUniqueKey": "",
        "customThreshold": "1",
        "density": "2.2",
        "discardAlpha": "1.0",
        "friction": "0.37",
        "id": "8504245221366874113",
        "isLockedInEditor": "false",
        "isVisibleInEditor": "true",
        "lineVelocity": "x:0 y:0 z:0",
        "mass": "17.6",
        "materialAlpha": "1.0",
        "materialColor": "r:0.0 g:1.0 b:0.68235294117647 a:1.0",
        "materialOffset": "x:1 y:1 z:1.0",
        "materialTexture": "part_suliao.tga",
        "name": "Part",
        "needSync": "true",
        "partNavMeshType": "1",
        "position": "x:-2.6861193873629e-06 y:1.75 z:13.073293685913",
        "restitution": "0.3",
        "rotation": "x:0 y:90 z:0",
        "scale": "x:1 y:2 z:4",
        "selectable": "true",
        "shape": "1",
        "staticBatchNo": "",
        "staticObject": "false",
        "useAnchor": "true",
        "useCollide": "true",
        "useGravity": "false",
        "useTextureAlpha": "false"
      }
    },
    {
      "children": [
        {
          "class": "Decal",
          "properties": {
            "decalAlpha": "1",
            "decalColor": "r:1.0 g:1.0 b:1.0 a:1.0",
            "decalImageType": "2",
            "decalOffset": "x:0 y:0 z:1.0",
            "decalSurface": "4",
            "decalTexture": "asset/Texture/Skill/common/icon_游戏内_上_act.png",
            "decalTiling": "x:1 y:1 z:1.0",
            "id": "8504248186263977985",
            "name": "Decal"
          }
        }
      ],
      "class": "Part",
      "properties": {
        "angleVelocity": "x:0 y:0 z:0",
        "bloom": "false",
        "booleanOperation": "0",
        "btsKey": "8d535727-675a-4c2d-adf9-69b62d5f9cb5",
        "cameraCollideEnable": "true",
        "cameraEnableCollide": "true",
        "collisionUniqueKey": "",
        "customThreshold": "1",
        "density": "7.9",
        "discardAlpha": "1.0",
        "friction": "0.2",
        "id": "8504248186263535617",
        "isLockedInEditor": "false",
        "isVisibleInEditor": "true",
        "lineVelocity": "x:0 y:0 z:0",
        "mass": "56.880002260208",
        "materialAlpha": "1.0",
        "materialColor": "r:1.0 g:1.0 b:1.0 a:1.0",
        "materialOffset": "x:1 y:1 z:1.0",
        "materialTexture": "part_gangban.tga",
        "name": "checkpoint",
        "needSync": "true",
        "partNavMeshType": "1",
        "position": "x:-7.8678112913622e-06 y:1 z:21.999996185303",
        "restitution": "0.06",
        "rotation": "x:0 y:90 z:0",
        "scale": "x:6 y:0.2 z:6",
        "selectable": "true",
        "shape": "1",
        "staticBatchNo": "",
        "staticObject": "false",
        "useAnchor": "true",
        "useCollide": "true",
        "useGravity": "false",
        "useTextureAlpha": "false"
      }
    },
    {
      "children": [
        {
          "children": [
            {
              "class": "Decal",
              "properties": {
                "decalAlpha": "1",
                "decalColor": "r:1.0 g:1.0 b:1.0 a:1.0",
                "decalImageType": "0",
                "decalOffset": "x:0 y:0 z:1.0",
                "decalSurface": "4",
                "decalTexture": "asset/Texture/square-dot.png",
                "decalTiling": "x:1 y:1 z:1.0",
                "id": "8506789540902633473",
                "name": "Decal"
              }
            }
          ],
          "class": "Part",
          "properties": {
            "angleVelocity": "x:0 y:0 z:0",
            "bloom": "false",
            "booleanOperation": "0",
            "btsKey": "f8f11292-7095-4f07-bf74-ccbc76c7a8db",
            "cameraCollideEnable": "true",
            "collisionUniqueKey": "",
            "customThreshold": "1",
            "density": "2.2",
            "discardAlpha": "1.0",
            "friction": "0.37",
            "id": "8506789540902256641",
            "isLockedInEditor": "false",
            "isVisibleInEditor": "true",
            "lineVelocity": "x:0 y:0 z:0",
            "mass": "2.6400001049042",
            "materialAlpha": "1.0",
            "materialColor": "r:1.0 g:1.0 b:1.0 a:1.0",
            "materialOffset": "x:1 y:1 z:1.0",
            "materialTexture": "part_suliao.tga",
            "name": "Part",
            "needSync": "true",
            "partNavMeshType": "1",
            "position": "x:-2.0000083446503 y:1 z:27.999994277954",
            "restitution": "0.3",
            "rotation": "x:0 y:-30.000009536743 z:0",
            "scale": "x:3 y:0.4 z:1",
            "selectable": "true",
            "shape": "1",
            "staticBatchNo": "",
            "staticObject": "false",
            "useAnchor": "true",
            "useCollide": "true",
            "useGravity": "false",
            "useTextureAlpha": "false"
          }
        },
        {
          "children": [
            {
              "class": "Decal",
              "properties": {
                "decalAlpha": "1",
                "decalColor": "r:1.0 g:1.0 b:1.0 a:1.0",
                "decalImageType": "0",
                "decalOffset": "x:0 y:0 z:1.0",
                "decalSurface": "4",
                "decalTexture": "asset/Texture/square-dot.png",
                "decalTiling": "x:1 y:1 z:1.0",
                "id": "8506788838794788865",
                "name": "Decal"
              }
            }
          ],
          "class": "Part",
          "properties": {
            "angleVelocity": "x:0 y:0 z:0",
            "bloom": "false",
            "booleanOperation": "0",
            "btsKey": "e3c87e81-0ee7-407a-aa47-c8e888ff7932",
            "cameraCollideEnable": "true",
            "collisionUniqueKey": "",
            "customThreshold": "1",
            "density": "2.2",
            "discardAlpha": "1.0",
            "friction": "0.37",
            "id": "8506389922238922753",
            "isLockedInEditor": "false",
            "isVisibleInEditor": "true",
            "lineVelocity": "x:0 y:0 z:0",
            "mass": "2.6400001049042",
            "materialAlpha": "1.0",
            "materialColor": "r:1.0 g:1.0 b:1.0 a:1.0",
            "materialOffset": "x:1 y:1 z:1.0",
            "materialTexture": "part_suliao.tga",
            "name": "Part",
            "needSync": "true",
            "partNavMeshType": "1",
            "position": "x:-2.0000083446503 y:1 z:27.999994277954",
            "restitution": "0.3",
            "rotation": "x:0 y:60 z:0",
            "scale": "x:3 y:0.4 z:1",
            "selectable": "true",
            "shape": "1",
            "staticBatchNo": "",
            "staticObject": "false",
            "useAnchor": "true",
            "useCollide": "true",
            "useGravity": "false",
            "useTextureAlpha": "false"
          }
        }
      ],
      "class": "Model",
      "properties": {
        "id": "8506789781230682113",
        "name": "Model",
        "needSync": "true",
        "position": "x:-1.9999992847443 y:1 z:28",
        "rotation": "x:0 y:-29.999996185303 z:0",
        "scale": "x:1 y:1 z:1",
        "selectable": "true"
      }
    },
    {
      "children": [
        {
          "children": [
            {
              "class": "Decal",
              "properties": {
                "decalAlpha": "1",
                "decalColor": "r:1.0 g:1.0 b:1.0 a:1.0",
                "decalImageType": "0",
                "decalOffset": "x:0 y:0 z:1.0",
                "decalSurface": "4",
                "decalTexture": "asset/Texture/square-dot.png",
                "decalTiling": "x:1 y:1 z:1.0",
                "id": "8506790377843671041",
                "name": "Decal"
              }
            }
          ],
          "class": "Part",
          "properties": {
            "angleVelocity": "x:0 y:0 z:0",
            "bloom": "false",
            "booleanOperation": "0",
            "btsKey": "f8f11292-7095-4f07-bf74-ccbc76c7a8db",
            "cameraCollideEnable": "true",
            "collisionUniqueKey": "",
            "customThreshold": "1",
            "density": "2.2",
            "discardAlpha": "1.0",
            "friction": "0.37",
            "id": "8506790377843294209",
            "isLockedInEditor": "false",
            "isVisibleInEditor": "true",
            "lineVelocity": "x:0 y:0 z:0",
            "mass": "2.6400001049042",
            "materialAlpha": "1.0",
            "materialColor": "r:1.0 g:1.0 b:1.0 a:1.0",
            "materialOffset": "x:1 y:1 z:1.0",
            "materialTexture": "part_suliao.tga",
            "name": "Part",
            "needSync": "true",
            "partNavMeshType": "1",
            "position": "x:1.4640946388245 y:1 z:31.999990463257",
            "restitution": "0.3",
            "rotation": "x:0 y:-59.999984741211 z:0",
            "scale": "x:3 y:0.4 z:1",
            "selectable": "true",
            "shape": "1",
            "staticBatchNo": "",
            "staticObject": "false",
            "useAnchor": "true",
            "useCollide": "true",
            "useGravity": "false",
            "useTextureAlpha": "false"
          }
        },
        {
          "children": [
            {
              "class": "Decal",
              "properties": {
                "decalAlpha": "1",
                "decalColor": "r:1.0 g:1.0 b:1.0 a:1.0",
                "decalImageType": "0",
                "decalOffset": "x:0 y:0 z:1.0",
                "decalSurface": "4",
                "decalTexture": "asset/Texture/square-dot.png",
                "decalTiling": "x:1 y:1 z:1.0",
                "id": "8506790377846751233",
                "name": "Decal"
              }
            }
          ],
          "class": "Part",
          "properties": {
            "angleVelocity": "x:0 y:0 z:0",
            "bloom": "false",
            "booleanOperation": "0",
            "btsKey": "e3c87e81-0ee7-407a-aa47-c8e888ff7932",
            "cameraCollideEnable": "true",
            "collisionUniqueKey": "",
            "customThreshold": "1",
            "density": "2.2",
            "discardAlpha": "1.0",
            "friction": "0.37",
            "id": "8506790377846374401",
            "isLockedInEditor": "false",
            "isVisibleInEditor": "true",
            "lineVelocity": "x:0 y:0 z:0",
            "mass": "2.6400001049042",
            "materialAlpha": "1.0",
            "materialColor": "r:1.0 g:1.0 b:1.0 a:1.0",
            "materialOffset": "x:1 y:1 z:1.0",
            "materialTexture": "part_suliao.tga",
            "name": "Part",
            "needSync": "true",
            "partNavMeshType": "1",
            "position": "x:1.4640946388245 y:1 z:31.999990463257",
            "restitution": "0.3",
            "rotation": "x:0 y:29.999996185303 z:0",
            "scale": "x:3 y:0.4 z:1",
            "selectable": "true",
            "shape": "1",
            "staticBatchNo": "",
            "staticObject": "false",
            "useAnchor": "true",
            "useCollide": "true",
            "useGravity": "false",
            "useTextureAlpha": "false"
          }
        }
      ],
      "class": "Model",
      "properties": {
        "id": "8506790377842573313",
        "name": "Model",
        "needSync": "true",
        "position": "x:1.4641048908234 y:1 z:32",
        "rotation": "x:0 y:-59.999992370605 z:0",
        "scale": "x:1 y:1 z:1",
        "selectable": "true"
      }
    },
    {
      "children": [
        {
          "children": [
            {
              "class": "Decal",
              "properties": {
                "decalAlpha": "1",
                "decalColor": "r:1.0 g:1.0 b:1.0 a:1.0",
                "decalImageType": "0",
                "decalOffset": "x:0 y:0 z:1.0",
                "decalSurface": "4",
                "decalTexture": "asset/Texture/square-dot.png",
                "decalTiling": "x:1 y:1 z:1.0",
                "id": "8506790790495666177",
                "name": "Decal"
              }
            }
          ],
          "class": "Part",
          "properties": {
            "angleVelocity": "x:0 y:0 z:0",
            "bloom": "false",
            "booleanOperation": "0",
            "btsKey": "f8f11292-7095-4f07-bf74-ccbc76c7a8db",
            "cameraCollideEnable": "true",
            "collisionUniqueKey": "",
            "customThreshold": "1",
            "density": "2.2",
            "discardAlpha": "1.0",
            "friction": "0.37",
            "id": "8506790790495289345",
            "isLockedInEditor": "false",
            "isVisibleInEditor": "true",
            "lineVelocity": "x:0 y:0 z:0",
            "mass": "2.6400001049042",
            "materialAlpha": "1.0",
            "materialColor": "r:1.0 g:1.0 b:1.0 a:1.0",
            "materialOffset": "x:1 y:1 z:1.0",
            "materialTexture": "part_suliao.tga",
            "name": "Part",
            "needSync": "true",
            "partNavMeshType": "1",
            "position": "x:-2.8660223484039 y:1 z:35.499988555908",
            "restitution": "0.3",
            "rotation": "x:0 y:-9.9999580383301 z:0",
            "scale": "x:3 y:0.4 z:1",
            "selectable": "true",
            "shape": "1",
            "staticBatchNo": "",
            "staticObject": "false",
            "useAnchor": "true",
            "useCollide": "true",
            "useGravity": "false",
            "useTextureAlpha": "false"
          }
        },
        {
          "children": [
            {
              "class": "Decal",
              "properties": {
                "decalAlpha": "1",
                "decalColor": "r:1.0 g:1.0 b:1.0 a:1.0",
                "decalImageType": "0",
                "decalOffset": "x:0 y:0 z:1.0",
                "decalSurface": "4",
                "decalTexture": "asset/Texture/square-dot.png",
                "decalTiling": "x:1 y:1 z:1.0",
                "id": "8506790790498664449",
                "name": "Decal"
              }
            }
          ],
          "class": "Part",
          "properties": {
            "angleVelocity": "x:0 y:0 z:0",
            "bloom": "false",
            "booleanOperation": "0",
            "btsKey": "e3c87e81-0ee7-407a-aa47-c8e888ff7932",
            "cameraCollideEnable": "true",
            "collisionUniqueKey": "",
            "customThreshold": "1",
            "density": "2.2",
            "discardAlpha": "1.0",
            "friction": "0.37",
            "id": "8506790790498287617",
            "isLockedInEditor": "false",
            "isVisibleInEditor": "true",
            "lineVelocity": "x:0 y:0 z:0",
            "mass": "2.6400001049042",
            "materialAlpha": "1.0",
            "materialColor": "r:1.0 g:1.0 b:1.0 a:1.0",
            "materialOffset": "x:1 y:1 z:1.0",
            "materialTexture": "part_suliao.tga",
            "name": "Part",
            "needSync": "true",
            "partNavMeshType": "1",
            "position": "x:-2.8660223484039 y:1 z:35.499988555908",
            "restitution": "0.3",
            "rotation": "x:0 y:80.000053405762 z:0",
            "scale": "x:3 y:0.4 z:1",
            "selectable": "true",
            "shape": "1",
            "staticBatchNo": "",
            "staticObject": "false",
            "useAnchor": "true",
            "useCollide": "true",
            "useGravity": "false",
            "useTextureAlpha": "false"
          }
        }
      ],
      "class": "Model",
      "properties": {
        "id": "8506790790494584833",
        "name": "Model",
        "needSync": "true",
        "position": "x:-2.8660130500793 y:1 z:35.5",
        "rotation": "x:0 y:-9.9999904632568 z:0",
        "scale": "x:1 y:1 z:1",
        "selectable": "true"
      }
    },
    {
      "children": [
        {
          "children": [
            {
              "class": "Decal",
              "properties": {
                "decalAlpha": "1",
                "decalColor": "r:1.0 g:1.0 b:1.0 a:1.0",
                "decalImageType": "0",
                "decalOffset": "x:0 y:0 z:1.0",
                "decalSurface": "4",
                "decalTexture": "asset/Texture/square-dot.png",
                "decalTiling": "x:1 y:1 z:1.0",
                "id": "8506791142428901377",
                "name": "Decal"
              }
            }
          ],
          "class": "Part",
          "properties": {
            "angleVelocity": "x:0 y:0 z:0",
            "bloom": "false",
            "booleanOperation": "0",
            "btsKey": "f8f11292-7095-4f07-bf74-ccbc76c7a8db",
            "cameraCollideEnable": "true",
            "collisionUniqueKey": "",
            "customThreshold": "1",
            "density": "2.2",
            "discardAlpha": "1.0",
            "friction": "0.37",
            "id": "8506791142428524545",
            "isLockedInEditor": "false",
            "isVisibleInEditor": "true",
            "lineVelocity": "x:0 y:0 z:0",
            "mass": "2.6400001049042",
            "materialAlpha": "1.0",
            "materialColor": "r:1.0 g:1.0 b:1.0 a:1.0",
            "materialOffset": "x:1 y:1 z:1.0",
            "materialTexture": "part_suliao.tga",
            "name": "Part",
            "needSync": "true",
            "partNavMeshType": "1",
            "position": "x:1.8324463367462 y:1 z:37.999927520752",
            "restitution": "0.3",
            "rotation": "x:0 y:-50.000003814697 z:0",
            "scale": "x:3 y:0.4 z:1",
            "selectable": "true",
            "shape": "1",
            "staticBatchNo": "",
            "staticObject": "false",
            "useAnchor": "true",
            "useCollide": "true",
            "useGravity": "false",
            "useTextureAlpha": "false"
          }
        },
        {
          "children": [
            {
              "class": "Decal",
              "properties": {
                "decalAlpha": "1",
                "decalColor": "r:1.0 g:1.0 b:1.0 a:1.0",
                "decalImageType": "0",
                "decalOffset": "x:0 y:0 z:1.0",
                "decalSurface": "4",
                "decalTexture": "asset/Texture/square-dot.png",
                "decalTiling": "x:1 y:1 z:1.0",
                "id": "8506791142431948801",
                "name": "Decal"
              }
            }
          ],
          "class": "Part",
          "properties": {
            "angleVelocity": "x:0 y:0 z:0",
            "bloom": "false",
            "booleanOperation": "0",
            "btsKey": "e3c87e81-0ee7-407a-aa47-c8e888ff7932",
            "cameraCollideEnable": "true",
            "collisionUniqueKey": "",
            "customThreshold": "1",
            "density": "2.2",
            "discardAlpha": "1.0",
            "friction": "0.37",
            "id": "8506791142431571969",
            "isLockedInEditor": "false",
            "isVisibleInEditor": "true",
            "lineVelocity": "x:0 y:0 z:0",
            "mass": "2.6400001049042",
            "materialAlpha": "1.0",
            "materialColor": "r:1.0 g:1.0 b:1.0 a:1.0",
            "materialOffset": "x:1 y:1 z:1.0",
            "materialTexture": "part_suliao.tga",
            "name": "Part",
            "needSync": "true",
            "partNavMeshType": "1",
            "position": "x:1.8324463367462 y:1 z:37.999927520752",
            "restitution": "0.3",
            "rotation": "x:0 y:40.000030517578 z:0",
            "scale": "x:3 y:0.4 z:1",
            "selectable": "true",
            "shape": "1",
            "staticBatchNo": "",
            "staticObject": "false",
            "useAnchor": "true",
            "useCollide": "true",
            "useGravity": "false",
            "useTextureAlpha": "false"
          }
        }
      ],
      "class": "Model",
      "properties": {
        "id": "8506791142427820033",
        "name": "Model",
        "needSync": "true",
        "position": "x:1.8324499130249 y:1 z:38",
        "rotation": "x:0 y:-49.999988555908 z:0",
        "scale": "x:1 y:1 z:1",
        "selectable": "true"
      }
    },
    {
      "children": [
        {
          "class": "Decal",
          "properties": {
            "decalAlpha": "1",
            "decalColor": "r:1.0 g:1.0 b:1.0 a:1.0",
            "decalImageType": "2",
            "decalOffset": "x:0 y:0 z:1.0",
            "decalSurface": "4",
            "decalTexture": "asset/Texture/Skill/common/icon_游戏内_上_act.png",
            "decalTiling": "x:1 y:1 z:1.0",
            "id": "8506792096516800513",
            "name": "Decal"
          }
        }
      ],
      "class": "Part",
      "properties": {
        "angleVelocity": "x:0 y:0 z:0",
        "bloom": "false",
        "booleanOperation": "0",
        "btsKey": "0c93a1e5-986a-403e-bbef-95650e2002d7",
        "cameraCollideEnable": "true",
        "cameraEnableCollide": "true",
        "collisionUniqueKey": "",
        "customThreshold": "1",
        "density": "7.9",
        "discardAlpha": "1.0",
        "friction": "0.2",
        "id": "8506792096516390913",
        "isLockedInEditor": "false",
        "isVisibleInEditor": "true",
        "lineVelocity": "x:0 y:0 z:0",
        "mass": "56.880002260208",
        "materialAlpha": "1.0",
        "materialColor": "r:1.0 g:1.0 b:1.0 a:1.0",
        "materialOffset": "x:1 y:1 z:1.0",
        "materialTexture": "part_gangban.tga",
        "name": "checkpoint",
        "needSync": "true",
        "partNavMeshType": "1",
        "position": "x:-1.5735626220703e-05 y:1 z:44",
        "restitution": "0.06",
        "rotation": "x:0 y:0 z:0",
        "scale": "x:6 y:0.2 z:6",
        "selectable": "true",
        "shape": "1",
        "staticBatchNo": "",
        "staticObject": "false",
        "useAnchor": "true",
        "useCollide": "true",
        "useGravity": "false",
        "useTextureAlpha": "false"
      }
    },
    {
      "class": "Part",
      "properties": {
        "angleVelocity": "x:0 y:0 z:0",
        "bloom": "false",
        "booleanOperation": "0",
        "btsKey": "33cecff6-e05f-41f1-8e18-8da97e2c3760",
        "cameraCollideEnable": "true",
        "cameraEnableCollide": "true",
        "collisionUniqueKey": "",
        "customThreshold": "1",
        "density": "2.2",
        "discardAlpha": "1.0",
        "friction": "0.37",
        "id": "8506792613223940097",
        "isLockedInEditor": "false",
        "isVisibleInEditor": "true",
        "lineVelocity": "x:0 y:0 z:0",
        "mass": "2.4639690637589",
        "materialAlpha": "1.0",
        "materialColor": "r:1.0 g:0.48627450980392 b:0.32941176470588 a:1.0",
        "materialOffset": "x:1 y:1 z:1.0",
        "materialTexture": "part_suliao.tga",
        "name": "Part",
        "needSync": "true",
        "partNavMeshType": "1",
        "position": "x:-5 y:1 z:44",
        "restitution": "0.3",
        "rotation": "x:0 y:2.5613219349907e-06 z:0",
        "scale": "x:0.7 y:0.399998 z:3.99997",
        "selectable": "true",
        "shape": "1",
        "staticBatchNo": "",
        "staticObject": "false",
        "useAnchor": "true",
        "useCollide": "true",
        "useGravity": "false",
        "useTextureAlpha": "false"
      }
    },
    {
      "class": "Part",
      "properties": {
        "angleVelocity": "x:0 y:0 z:0",
        "bloom": "false",
        "booleanOperation": "0",
        "btsKey": "60460dab-3beb-4fd2-9fd8-295efca1788f",
        "cameraCollideEnable": "true",
        "cameraEnableCollide": "true",
        "collisionUniqueKey": "",
        "customThreshold": "1",
        "density": "2.2",
        "discardAlpha": "1.0",
        "friction": "0.37",
        "id": "8506793424040902657",
        "isLockedInEditor": "false",
        "isVisibleInEditor": "true",
        "lineVelocity": "x:0 y:0 z:0",
        "mass": "2.4639690637589",
        "materialAlpha": "1.0",
        "materialColor": "r:1.0 g:0.68235294117647 b:0.29803921568627 a:1.0",
        "materialOffset": "x:1 y:1 z:1.0",
        "materialTexture": "part_suliao.tga",
        "name": "Part",
        "needSync": "true",
        "partNavMeshType": "1",
        "position": "x:-7 y:1 z:44",
        "restitution": "0.3",
        "rotation": "x:0 y:2.5613219349907e-06 z:0",
        "scale": "x:0.7 y:0.399998 z:3.99997",
        "selectable": "true",
        "shape": "1",
        "staticBatchNo": "",
        "staticObject": "false",
        "useAnchor": "true",
        "useCollide": "true",
        "useGravity": "false",
        "useTextureAlpha": "false"
      }
    },
    {
      "class": "Part",
      "properties": {
        "angleVelocity": "x:0 y:0 z:0",
        "bloom": "false",
        "booleanOperation": "0",
        "btsKey": "8ce37659-0f5e-462e-96ef-8b68e533e843",
        "cameraCollideEnable": "true",
        "cameraEnableCollide": "true",
        "collisionUniqueKey": "",
        "customThreshold": "1",
        "density": "2.2",
        "discardAlpha": "1.0",
        "friction": "0.37",
        "id": "8506793602964815873",
        "isLockedInEditor": "false",
        "isVisibleInEditor": "true",
        "lineVelocity": "x:0 y:0 z:0",
        "mass": "2.4639690637589",
        "materialAlpha": "1.0",
        "materialColor": "r:1.0 g:1.0 b:0.29803921568627 a:1.0",
        "materialOffset": "x:1 y:1 z:1.0",
        "materialTexture": "part_suliao.tga",
        "name": "Part",
        "needSync": "true",
        "partNavMeshType": "1",
        "position": "x:-9 y:1 z:44",
        "restitution": "0.3",
        "rotation": "x:0 y:2.5613219349907e-06 z:0",
        "scale": "x:0.7 y:0.399998 z:3.99997",
        "selectable": "true",
        "shape": "1",
        "staticBatchNo": "",
        "staticObject": "false",
        "useAnchor": "true",
        "useCollide": "true",
        "useGravity": "false",
        "useTextureAlpha": "false"
      }
    },
    {
      "class": "Part",
      "properties": {
        "angleVelocity": "x:0 y:0 z:0",
        "bloom": "false",
        "booleanOperation": "0",
        "btsKey": "6e9d52cf-640c-4559-af31-e8495f325c09",
        "cameraCollideEnable": "true",
        "cameraEnableCollide": "true",
        "collisionUniqueKey": "",
        "customThreshold": "1",
        "density": "2.2",
        "discardAlpha": "1.0",
        "friction": "0.37",
        "id": "8506793724701884417",
        "isLockedInEditor": "false",
        "isVisibleInEditor": "true",
        "lineVelocity": "x:0 y:0 z:0",
        "mass": "2.4639690637589",
        "materialAlpha": "1.0",
        "materialColor": "r:0.68235294117647 g:1.0 b:0.32156862745098 a:1.0",
        "materialOffset": "x:1 y:1 z:1.0",
        "materialTexture": "part_suliao.tga",
        "name": "Part",
        "needSync": "true",
        "partNavMeshType": "1",
        "position": "x:-11 y:1 z:44",
        "restitution": "0.3",
        "rotation": "x:0 y:2.5613219349907e-06 z:0",
        "scale": "x:0.7 y:0.399998 z:3.99997",
        "selectable": "true",
        "shape": "1",
        "staticBatchNo": "",
        "staticObject": "false",
        "useAnchor": "true",
        "useCollide": "true",
        "useGravity": "false",
        "useTextureAlpha": "false"
      }
    },
    {
      "class": "Part",
      "properties": {
        "angleVelocity": "x:0 y:0 z:0",
        "bloom": "false",
        "booleanOperation": "0",
        "btsKey": "6c8c53fd-6eae-4c47-b53b-519278a6cb65",
        "cameraCollideEnable": "true",
        "cameraEnableCollide": "true",
        "collisionUniqueKey": "",
        "customThreshold": "1",
        "density": "2.2",
        "discardAlpha": "1.0",
        "friction": "0.37",
        "id": "8506793822331650049",
        "isLockedInEditor": "false",
        "isVisibleInEditor": "true",
        "lineVelocity": "x:0 y:0 z:0",
        "mass": "2.4639690637589",
        "materialAlpha": "1.0",
        "materialColor": "r:0.32156862745098 g:1.0 b:0.45098039215686 a:1.0",
        "materialOffset": "x:1 y:1 z:1.0",
        "materialTexture": "part_suliao.tga",
        "name": "Part",
        "needSync": "true",
        "partNavMeshType": "1",
        "position": "x:-13 y:1 z:44",
        "restitution": "0.3",
        "rotation": "x:0 y:2.5613219349907e-06 z:0",
        "scale": "x:0.7 y:0.399998 z:3.99997",
        "selectable": "true",
        "shape": "1",
        "staticBatchNo": "",
        "staticObject": "false",
        "useAnchor": "true",
        "useCollide": "true",
        "useGravity": "false",
        "useTextureAlpha": "false"
      }
    },
    {
      "class": "Part",
      "properties": {
        "angleVelocity": "x:0 y:0 z:0",
        "bloom": "false",
        "booleanOperation": "0",
        "btsKey": "85ba1d76-f639-4a06-9dc4-591e2b6f14f8",
        "cameraCollideEnable": "true",
        "cameraEnableCollide": "true",
        "collisionUniqueKey": "",
        "customThreshold": "1",
        "density": "2.2",
        "discardAlpha": "1.0",
        "friction": "0.37",
        "id": "8506794219056349185",
        "isLockedInEditor": "false",
        "isVisibleInEditor": "true",
        "lineVelocity": "x:0 y:0 z:0",
        "mass": "2.4639690637589",
        "materialAlpha": "1.0",
        "materialColor": "r:0.28627450980392 g:0.69019607843137 b:1.0 a:1.0",
        "materialOffset": "x:1 y:1 z:1.0",
        "materialTexture": "part_suliao.tga",
        "name": "Part",
        "needSync": "true",
        "partNavMeshType": "1",
        "position": "x:-15 y:1 z:44",
        "restitution": "0.3",
        "rotation": "x:0 y:2.5613219349907e-06 z:0",
        "scale": "x:0.7 y:0.399998 z:3.99997",
        "selectable": "true",
        "shape": "1",
        "staticBatchNo": "",
        "staticObject": "false",
        "useAnchor": "true",
        "useCollide": "true",
        "useGravity": "false",
        "useTextureAlpha": "false"
      }
    },
    {
      "class": "Part",
      "properties": {
        "angleVelocity": "x:0 y:0 z:0",
        "bloom": "false",
        "booleanOperation": "0",
        "btsKey": "21e8cac2-cfbf-4e6b-86d8-03ff56679e8e",
        "cameraCollideEnable": "true",
        "cameraEnableCollide": "true",
        "collisionUniqueKey": "",
        "customThreshold": "1",
        "density": "2.2",
        "discardAlpha": "1.0",
        "friction": "0.37",
        "id": "8506794474583752705",
        "isLockedInEditor": "false",
        "isVisibleInEditor": "true",
        "lineVelocity": "x:0 y:0 z:0",
        "mass": "2.4639690637589",
        "materialAlpha": "1.0",
        "materialColor": "r:0.64313725490196 g:0.32941176470588 b:1.0 a:1.0",
        "materialOffset": "x:1 y:1 z:1.0",
        "materialTexture": "part_suliao.tga",
        "name": "Part",
        "needSync": "true",
        "partNavMeshType": "1",
        "position": "x:-17 y:1 z:44",
        "restitution": "0.3",
        "rotation": "x:0 y:2.5613219349907e-06 z:0",
        "scale": "x:0.7 y:0.399998 z:3.99997",
        "selectable": "true",
        "shape": "1",
        "staticBatchNo": "",
        "staticObject": "false",
        "useAnchor": "true",
        "useCollide": "true",
        "useGravity": "false",
        "useTextureAlpha": "false"
      }
    },
    {
      "children": [
        {
          "class": "Decal",
          "properties": {
            "decalAlpha": "1",
            "decalColor": "r:1.0 g:1.0 b:1.0 a:1.0",
            "decalImageType": "2",
            "decalOffset": "x:0 y:0 z:1.0",
            "decalSurface": "4",
            "decalTexture": "asset/Texture/Skill/common/icon_游戏内_上_act.png",
            "decalTiling": "x:1 y:1 z:1.0",
            "id": "8506796073003696129",
            "name": "Decal"
          }
        }
      ],
      "class": "Part",
      "properties": {
        "angleVelocity": "x:0 y:0 z:0",
        "bloom": "false",
        "booleanOperation": "0",
        "btsKey": "de145fe4-1346-47ac-abcb-a717f83f10ae",
        "cameraCollideEnable": "true",
        "cameraEnableCollide": "true",
        "collisionUniqueKey": "",
        "customThreshold": "1",
        "density": "7.9",
        "discardAlpha": "1.0",
        "friction": "0.2",
        "id": "8506796073003319297",
        "isLockedInEditor": "false",
        "isVisibleInEditor": "true",
        "lineVelocity": "x:0 y:0 z:0",
        "mass": "56.880002260208",
        "materialAlpha": "1.0",
        "materialColor": "r:1.0 g:1.0 b:1.0 a:1.0",
        "materialOffset": "x:1 y:1 z:1.0",
        "materialTexture": "part_gangban.tga",
        "name": "checkpoint",
        "needSync": "true",
        "partNavMeshType": "1",
        "position": "x:-22.00001335144 y:1 z:44",
        "restitution": "0.06",
        "rotation": "x:0 y:-90 z:0",
        "scale": "x:6 y:0.2 z:6",
        "selectable": "true",
        "shape": "1",
        "staticBatchNo": "",
        "staticObject": "false",
        "useAnchor": "true",
        "useCollide": "true",
        "useGravity": "false",
        "useTextureAlpha": "false"
      }
    },
    {
      "class": "Part",
      "properties": {
        "angleVelocity": "x:0 y:0 z:0",
        "bloom": "false",
        "booleanOperation": "0",
        "btsKey": "71fdbad8-b44f-450a-bd95-8aa33421fd88",
        "cameraCollideEnable": "true",
        "cameraEnableCollide": "true",
        "collisionUniqueKey": "",
        "customThreshold": "1",
        "density": "2.2",
        "discardAlpha": "1.0",
        "friction": "0.37",
        "id": "8506796843031101441",
        "isLockedInEditor": "false",
        "isVisibleInEditor": "true",
        "lineVelocity": "x:0 y:0 z:0",
        "mass": "5.2800002098083",
        "materialAlpha": "1.0",
        "materialColor": "r:1.0 g:0.84313725490196 b:0.49803921568627 a:1.0",
        "materialOffset": "x:1 y:1 z:1.0",
        "materialTexture": "part_suliao.tga",
        "name": "Part",
        "needSync": "true",
        "partNavMeshType": "1",
        "position": "x:-20.5 y:0.99641919136047 z:17.502593994141",
        "restitution": "0.3",
        "rotation": "x:0 y:0 z:40",
        "scale": "x:0.2 y:3 z:4",
        "selectable": "true",
        "shape": "1",
        "staticBatchNo": "",
        "staticObject": "false",
        "useAnchor": "true",
        "useCollide": "true",
        "useGravity": "false",
        "useTextureAlpha": "false"
      }
    },
    {
      "class": "Part",
      "properties": {
        "angleVelocity": "x:0 y:0 z:0",
        "bloom": "false",
        "booleanOperation": "0",
        "btsKey": "1fa24df1-82c6-45e5-8bc6-52f81da14e98",
        "cameraCollideEnable": "true",
        "cameraEnableCollide": "true",
        "collisionUniqueKey": "",
        "customThreshold": "1",
        "density": "2.2",
        "discardAlpha": "1.0",
        "friction": "0.37",
        "id": "8506798559013617665",
        "isLockedInEditor": "false",
        "isVisibleInEditor": "true",
        "lineVelocity": "x:0 y:0 z:0",
        "mass": "5.2800002098083",
        "materialAlpha": "1.0",
        "materialColor": "r:0.84313725490196 g:0.48235294117647 b:0.2 a:1.0",
        "materialOffset": "x:1 y:1 z:1.0",
        "materialTexture": "part_suliao.tga",
        "name": "Part",
        "needSync": "true",
        "partNavMeshType": "1",
        "position": "x:-23.5 y:0.99641919136047 z:12.5",
        "restitution": "0.3",
        "rotation": "x:0 y:0 z:-40",
        "scale": "x:0.2 y:3 z:4",
        "selectable": "true",
        "shape": "1",
        "staticBatchNo": "",
        "staticObject": "false",
        "useAnchor": "true",
        "useCollide": "true",
        "useGravity": "false",
        "useTextureAlpha": "false"
      }
    },
    {
      "class": "Part",
      "properties": {
        "angleVelocity": "x:0 y:0 z:0",
        "bloom": "false",
        "booleanOperation": "0",
        "btsKey": "621b9e84-6d65-415e-80ec-c658233eb3a0",
        "cameraCollideEnable": "true",
        "cameraEnableCollide": "true",
        "collisionUniqueKey": "",
        "customThreshold": "1",
        "density": "2.2",
        "discardAlpha": "1.0",
        "friction": "0.37",
        "id": "8506800488902950913",
        "isLockedInEditor": "false",
        "isVisibleInEditor": "true",
        "lineVelocity": "x:0 y:0 z:0",
        "mass": "5.2800002098083",
        "materialAlpha": "1.0",
        "materialColor": "r:1.0 g:0.84313725490196 b:0.49803921568627 a:1.0",
        "materialOffset": "x:1 y:1 z:1.0",
        "materialTexture": "part_suliao.tga",
        "name": "Part",
        "needSync": "true",
        "partNavMeshType": "1",
        "position": "x:-20.5 y:0.99641919136047 z:7.5025930404663",
        "restitution": "0.3",
        "rotation": "x:0 y:0 z:40",
        "scale": "x:0.2 y:3 z:4",
        "selectable": "true",
        "shape": "1",
        "staticBatchNo": "",
        "staticObject": "false",
        "useAnchor": "true",
        "useCollide": "true",
        "useGravity": "false",
        "useTextureAlpha": "false"
      }
    },
    {
      "class": "Part",
      "properties": {
        "angleVelocity": "x:0 y:0 z:0",
        "bloom": "false",
        "booleanOperation": "0",
        "btsKey": "16545d18-80a4-4c52-9583-79249645eace",
        "cameraCollideEnable": "true",
        "cameraEnableCollide": "true",
        "collisionUniqueKey": "",
        "customThreshold": "1",
        "density": "2.2",
        "discardAlpha": "1.0",
        "friction": "0.37",
        "id": "8506800602206568449",
        "isLockedInEditor": "false",
        "isVisibleInEditor": "true",
        "lineVelocity": "x:0 y:0 z:0",
        "mass": "5.2800002098083",
        "materialAlpha": "1.0",
        "materialColor": "r:0.84313725490196 g:0.48235294117647 b:0.2 a:1.0",
        "materialOffset": "x:1 y:1 z:1.0",
        "materialTexture": "part_suliao.tga",
        "name": "Part",
        "needSync": "true",
        "partNavMeshType": "1",
        "position": "x:-23.5 y:0.99641919136047 z:2.5",
        "restitution": "0.3",
        "rotation": "x:0 y:0 z:-40",
        "scale": "x:0.2 y:3 z:4",
        "selectable": "true",
        "shape": "1",
        "staticBatchNo": "",
        "staticObject": "false",
        "useAnchor": "true",
        "useCollide": "true",
        "useGravity": "false",
        "useTextureAlpha": "false"
      }
    },
    {
      "class": "Part",
      "properties": {
        "angleVelocity": "x:0 y:0 z:0",
        "bloom": "false",
        "booleanOperation": "0",
        "btsKey": "319a5b69-c60c-416b-9326-a04660b43442",
        "cameraCollideEnable": "true",
        "cameraEnableCollide": "true",
        "collisionUniqueKey": "",
        "customThreshold": "1",
        "density": "2.2",
        "discardAlpha": "1.0",
        "friction": "0.37",
        "id": "8506800729545146369",
        "isLockedInEditor": "false",
        "isVisibleInEditor": "true",
        "lineVelocity": "x:0 y:0 z:0",
        "mass": "5.2800002098083",
        "materialAlpha": "1.0",
        "materialColor": "r:1.0 g:0.84313725490196 b:0.49803921568627 a:1.0",
        "materialOffset": "x:1 y:1 z:1.0",
        "materialTexture": "part_suliao.tga",
        "name": "Part",
        "needSync": "true",
        "partNavMeshType": "1",
        "position": "x:-20.5 y:0.99641919136047 z:-2.4974060058594",
        "restitution": "0.3",
        "rotation": "x:0 y:0 z:40",
        "scale": "x:0.2 y:3 z:4",
        "selectable": "true",
        "shape": "1",
        "staticBatchNo": "",
        "staticObject": "false",
        "useAnchor": "true",
        "useCollide": "true",
        "useGravity": "false",
        "useTextureAlpha": "false"
      }
    },
    {
      "class": "Part",
      "properties": {
        "angleVelocity": "x:0 y:0 z:0",
        "bloom": "false",
        "booleanOperation": "0",
        "btsKey": "3e6ef61d-2de6-4701-a5c7-2570b5a37103",
        "cameraCollideEnable": "true",
        "cameraEnableCollide": "true",
        "collisionUniqueKey": "",
        "customThreshold": "1",
        "density": "2.2",
        "discardAlpha": "1.0",
        "friction": "0.37",
        "id": "8506800729547292673",
        "isLockedInEditor": "false",
        "isVisibleInEditor": "true",
        "lineVelocity": "x:0 y:0 z:0",
        "mass": "5.2800002098083",
        "materialAlpha": "1.0",
        "materialColor": "r:0.84313725490196 g:0.48235294117647 b:0.2 a:1.0",
        "materialOffset": "x:1 y:1 z:1.0",
        "materialTexture": "part_suliao.tga",
        "name": "Part",
        "needSync": "true",
        "partNavMeshType": "1",
        "position": "x:-23.5 y:0.99641919136047 z:-7.5",
        "restitution": "0.3",
        "rotation": "x:0 y:0 z:-40",
        "scale": "x:0.2 y:3 z:4",
        "selectable": "true",
        "shape": "1",
        "staticBatchNo": "",
        "staticObject": "false",
        "useAnchor": "true",
        "useCollide": "true",
        "useGravity": "false",
        "useTextureAlpha": "false"
      }
    },
    {
      "children": [
        {
          "class": "Decal",
          "properties": {
            "decalAlpha": "1",
            "decalColor": "r:1.0 g:1.0 b:1.0 a:1.0",
            "decalImageType": "2",
            "decalOffset": "x:0 y:0 z:1.0",
            "decalSurface": "4",
            "decalTexture": "asset/Texture/start.png",
            "decalTiling": "x:1 y:1 z:1.0",
            "id": "8506800884445446145",
            "name": "Decal"
          }
        }
      ],
      "class": "Part",
      "properties": {
        "angleVelocity": "x:0 y:0 z:0",
        "bloom": "false",
        "booleanOperation": "0",
        "btsKey": "08d3263a-eec4-4989-a8f3-7bf29a5bf0b6",
        "cameraCollideEnable": "true",
        "cameraEnableCollide": "true",
        "collisionUniqueKey": "",
        "customThreshold": "1",
        "density": "7.9",
        "discardAlpha": "1.0",
        "friction": "0.2",
        "id": "8506800884444872705",
        "isLockedInEditor": "false",
        "isVisibleInEditor": "true",
        "lineVelocity": "x:0 y:0 z:0",
        "mass": "44.650803375244",
        "materialAlpha": "1.0",
        "materialColor": "r:0.0 g:0.67843137254902 b:1.0 a:1.0",
        "materialOffset": "x:1 y:1 z:1.0",
        "materialTexture": "part_gangban.tga",
        "name": "endmap",
        "needSync": "true",
        "partNavMeshType": "1",
        "position": "x:-22.000015258789 y:1 z:-14",
        "restitution": "0.06",
        "rotation": "x:0 y:-90 z:0",
        "scale": "x:6 y:0.2 z:6",
        "selectable": "true",
        "shape": "3",
        "staticBatchNo": "",
        "staticObject": "false",
        "useAnchor": "true",
        "useCollide": "true",
        "useGravity": "false",
        "useTextureAlpha": "false"
      }
    },
    {
      "children": [
        {
          "class": "Part",
          "properties": {
            "angleVelocity": "x:0 y:0 z:0",
            "bloom": "false",
            "booleanOperation": "0",
            "btsKey": "180b6df7-d3c3-4602-b582-ccb643be6de9",
            "cameraCollideEnable": "true",
            "collisionUniqueKey": "",
            "customThreshold": "1",
            "density": "2.2",
            "discardAlpha": "1.0",
            "friction": "0.37",
            "id": "8507772430895202305",
            "isLockedInEditor": "false",
            "isVisibleInEditor": "true",
            "lineVelocity": "x:0 y:0 z:0",
            "mass": "1.1657250881195",
            "materialAlpha": "1.0",
            "materialColor": "r:1.0 g:1.0 b:1.0 a:1.0",
            "materialOffset": "x:1 y:1 z:1.0",
            "materialTexture": "part_suliao.tga",
            "name": "Part",
            "needSync": "true",
            "partNavMeshType": "1",
            "position": "x:-23 y:1 z:37",
            "restitution": "0.3",
            "rotation": "x:0 y:0 z:0",
            "scale": "x:1.5 y:0.3 z:1.5",
            "selectable": "true",
            "shape": "3",
            "staticBatchNo": "",
            "staticObject": "false",
            "useAnchor": "true",
            "useCollide": "true",
            "useGravity": "false",
            "useTextureAlpha": "false"
          }
        },
        {
          "class": "Part",
          "properties": {
            "angleVelocity": "x:0 y:0 z:0",
            "bloom": "false",
            "booleanOperation": "0",
            "btsKey": "3ae070fd-865b-4ec1-942f-9421202a5999",
            "cameraCollideEnable": "true",
            "collisionUniqueKey": "",
            "customThreshold": "1",
            "density": "2.2",
            "discardAlpha": "1.0",
            "friction": "0.37",
            "id": "8507772430893154305",
            "isLockedInEditor": "false",
            "isVisibleInEditor": "true",
            "lineVelocity": "x:0 y:0 z:0",
            "mass": "1.1657250881195",
            "materialAlpha": "1.0",
            "materialColor": "r:1.0 g:0.29019607843137 b:0.043137254901961 a:1.0",
            "materialOffset": "x:1 y:1 z:1.0",
            "materialTexture": "part_suliao.tga",
            "name": "Part",
            "needSync": "true",
            "partNavMeshType": "1",
            "position": "x:-21 y:1 z:37",
            "restitution": "0.3",
            "rotation": "x:0 y:0 z:0",
            "scale": "x:1.5 y:0.3 z:1.5",
            "selectable": "true",
            "shape": "3",
            "staticBatchNo": "",
            "staticObject": "false",
            "useAnchor": "true",
            "useCollide": "false",
            "useGravity": "false",
            "useTextureAlpha": "false"
          }
        },
        {
          "class": "Part",
          "properties": {
            "angleVelocity": "x:0 y:0 z:0",
            "bloom": "false",
            "booleanOperation": "0",
            "btsKey": "2dd20b95-15b6-430b-ab31-af0aa7694ad3",
            "cameraCollideEnable": "true",
            "collisionUniqueKey": "",
            "customThreshold": "1",
            "density": "2.2",
            "discardAlpha": "1.0",
            "friction": "0.37",
            "id": "8507772261722980353",
            "isLockedInEditor": "false",
            "isVisibleInEditor": "true",
            "lineVelocity": "x:0 y:0 z:0",
            "mass": "1.1657250881195",
            "materialAlpha": "1.0",
            "materialColor": "r:1.0 g:0.29019607843137 b:0.054901960784314 a:1.0",
            "materialOffset": "x:1 y:1 z:1.0",
            "materialTexture": "part_suliao.tga",
            "name": "Part",
            "needSync": "true",
            "partNavMeshType": "1",
            "position": "x:-23 y:1 z:39",
            "restitution": "0.3",
            "rotation": "x:0 y:0 z:0",
            "scale": "x:1.5 y:0.3 z:1.5",
            "selectable": "true",
            "shape": "3",
            "staticBatchNo": "",
            "staticObject": "false",
            "useAnchor": "true",
            "useCollide": "false",
            "useGravity": "false",
            "useTextureAlpha": "false"
          }
        },
        {
          "class": "Part",
          "properties": {
            "angleVelocity": "x:0 y:0 z:0",
            "bloom": "false",
            "booleanOperation": "0",
            "btsKey": "5f8eb1f8-a61a-4a07-a4c9-07c200255b83",
            "cameraCollideEnable": "true",
            "collisionUniqueKey": "",
            "customThreshold": "1",
            "density": "2.2",
            "discardAlpha": "1.0",
            "friction": "0.37",
            "id": "8507771048258158593",
            "isLockedInEditor": "false",
            "isVisibleInEditor": "true",
            "lineVelocity": "x:0 y:0 z:0",
            "mass": "1.1657250881195",
            "materialAlpha": "1.0",
            "materialColor": "r:1.0 g:1.0 b:1.0 a:1.0",
            "materialOffset": "x:1 y:1 z:1.0",
            "materialTexture": "part_suliao.tga",
            "name": "Part",
            "needSync": "true",
            "partNavMeshType": "1",
            "position": "x:-21 y:1 z:39",
            "restitution": "0.3",
            "rotation": "x:0 y:0 z:0",
            "scale": "x:1.5 y:0.3 z:1.5",
            "selectable": "true",
            "shape": "3",
            "staticBatchNo": "",
            "staticObject": "false",
            "useAnchor": "true",
            "useCollide": "true",
            "useGravity": "false",
            "useTextureAlpha": "false"
          }
        }
      ],
      "class": "Model",
      "properties": {
        "id": "8507773027710238721",
        "name": "Model",
        "needSync": "true",
        "position": "x:-22 y:1 z:38",
        "rotation": "x:0 y:0 z:0",
        "scale": "x:1 y:1 z:1",
        "selectable": "true"
      }
    },
    {
      "children": [
        {
          "class": "Part",
          "properties": {
            "angleVelocity": "x:0 y:0 z:0",
            "bloom": "false",
            "booleanOperation": "0",
            "btsKey": "180b6df7-d3c3-4602-b582-ccb643be6de9",
            "cameraCollideEnable": "true",
            "collisionUniqueKey": "",
            "customThreshold": "1",
            "density": "2.2",
            "discardAlpha": "1.0",
            "friction": "0.37",
            "id": "8507773117641752577",
            "isLockedInEditor": "false",
            "isVisibleInEditor": "true",
            "lineVelocity": "x:0 y:0 z:0",
            "mass": "1.1657250881195",
            "materialAlpha": "1.0",
            "materialColor": "r:1.0 g:1.0 b:1.0 a:1.0",
            "materialOffset": "x:1 y:1 z:1.0",
            "materialTexture": "part_suliao.tga",
            "name": "Part",
            "needSync": "true",
            "partNavMeshType": "1",
            "position": "x:-23 y:1 z:33",
            "restitution": "0.3",
            "rotation": "x:0 y:0 z:0",
            "scale": "x:1.5 y:0.3 z:1.5",
            "selectable": "true",
            "shape": "3",
            "staticBatchNo": "",
            "staticObject": "false",
            "useAnchor": "true",
            "useCollide": "true",
            "useGravity": "false",
            "useTextureAlpha": "false"
          }
        },
        {
          "class": "Part",
          "properties": {
            "angleVelocity": "x:0 y:0 z:0",
            "bloom": "false",
            "booleanOperation": "0",
            "btsKey": "3ae070fd-865b-4ec1-942f-9421202a5999",
            "cameraCollideEnable": "true",
            "collisionUniqueKey": "",
            "customThreshold": "1",
            "density": "2.2",
            "discardAlpha": "1.0",
            "friction": "0.37",
            "id": "8507773117643915265",
            "isLockedInEditor": "false",
            "isVisibleInEditor": "true",
            "lineVelocity": "x:0 y:0 z:0",
            "mass": "1.1657250881195",
            "materialAlpha": "1.0",
            "materialColor": "r:1.0 g:0.29019607843137 b:0.054901960784314 a:1.0",
            "materialOffset": "x:1 y:1 z:1.0",
            "materialTexture": "part_suliao.tga",
            "name": "Part",
            "needSync": "true",
            "partNavMeshType": "1",
            "position": "x:-21 y:1 z:33",
            "restitution": "0.3",
            "rotation": "x:0 y:0 z:0",
            "scale": "x:1.5 y:0.3 z:1.5",
            "selectable": "true",
            "shape": "3",
            "staticBatchNo": "",
            "staticObject": "false",
            "useAnchor": "true",
            "useCollide": "false",
            "useGravity": "false",
            "useTextureAlpha": "false"
          }
        },
        {
          "class": "Part",
          "properties": {
            "angleVelocity": "x:0 y:0 z:0",
            "bloom": "false",
            "booleanOperation": "0",
            "btsKey": "2dd20b95-15b6-430b-ab31-af0aa7694ad3",
            "cameraCollideEnable": "true",
            "collisionUniqueKey": "",
            "customThreshold": "1",
            "density": "2.2",
            "discardAlpha": "1.0",
            "friction": "0.37",
            "id": "8507773117646045185",
            "isLockedInEditor": "false",
            "isVisibleInEditor": "true",
            "lineVelocity": "x:0 y:0 z:0",
            "mass": "1.1657250881195",
            "materialAlpha": "1.0",
            "materialColor": "r:1.0 g:0.29019607843137 b:0.054901960784314 a:1.0",
            "materialOffset": "x:1 y:1 z:1.0",
            "materialTexture": "part_suliao.tga",
            "name": "Part",
            "needSync": "true",
            "partNavMeshType": "1",
            "position": "x:-23 y:1 z:35",
            "restitution": "0.3",
            "rotation": "x:0 y:0 z:0",
            "scale": "x:1.5 y:0.3 z:1.5",
            "selectable": "true",
            "shape": "3",
            "staticBatchNo": "",
            "staticObject": "false",
            "useAnchor": "true",
            "useCollide": "false",
            "useGravity": "false",
            "useTextureAlpha": "false"
          }
        },
        {
          "class": "Part",
          "properties": {
            "angleVelocity": "x:0 y:0 z:0",
            "bloom": "false",
            "booleanOperation": "0",
            "btsKey": "5f8eb1f8-a61a-4a07-a4c9-07c200255b83",
            "cameraCollideEnable": "true",
            "collisionUniqueKey": "",
            "customThreshold": "1",
            "density": "2.2",
            "discardAlpha": "1.0",
            "friction": "0.37",
            "id": "8507773117648240641",
            "isLockedInEditor": "false",
            "isVisibleInEditor": "true",
            "lineVelocity": "x:0 y:0 z:0",
            "mass": "1.1657250881195",
            "materialAlpha": "1.0",
            "materialColor": "r:1.0 g:1.0 b:1.0 a:1.0",
            "materialOffset": "x:1 y:1 z:1.0",
            "materialTexture": "part_suliao.tga",
            "name": "Part",
            "needSync": "true",
            "partNavMeshType": "1",
            "position": "x:-21 y:1 z:35",
            "restitution": "0.3",
            "rotation": "x:0 y:0 z:0",
            "scale": "x:1.5 y:0.3 z:1.5",
            "selectable": "true",
            "shape": "3",
            "staticBatchNo": "",
            "staticObject": "false",
            "useAnchor": "true",
            "useCollide": "true",
            "useGravity": "false",
            "useTextureAlpha": "false"
          }
        }
      ],
      "class": "Model",
      "properties": {
        "id": "8507773117641113601",
        "name": "Model",
        "needSync": "true",
        "position": "x:-22 y:1 z:34",
        "rotation": "x:0 y:0 z:0",
        "scale": "x:1 y:1 z:1",
        "selectable": "true"
      }
    },
    {
      "children": [
        {
          "class": "Part",
          "properties": {
            "angleVelocity": "x:0 y:0 z:0",
            "bloom": "false",
            "booleanOperation": "0",
            "btsKey": "180b6df7-d3c3-4602-b582-ccb643be6de9",
            "cameraCollideEnable": "true",
            "collisionUniqueKey": "",
            "customThreshold": "1",
            "density": "2.2",
            "discardAlpha": "1.0",
            "friction": "0.37",
            "id": "8507773263945809921",
            "isLockedInEditor": "false",
            "isVisibleInEditor": "true",
            "lineVelocity": "x:0 y:0 z:0",
            "mass": "1.1657250881195",
            "materialAlpha": "1.0",
            "materialColor": "r:1.0 g:1.0 b:1.0 a:1.0",
            "materialOffset": "x:1 y:1 z:1.0",
            "materialTexture": "part_suliao.tga",
            "name": "Part",
            "needSync": "true",
            "partNavMeshType": "1",
            "position": "x:-23 y:1 z:29",
            "restitution": "0.3",
            "rotation": "x:0 y:0 z:0",
            "scale": "x:1.5 y:0.3 z:1.5",
            "selectable": "true",
            "shape": "3",
            "staticBatchNo": "",
            "staticObject": "false",
            "useAnchor": "true",
            "useCollide": "true",
            "useGravity": "false",
            "useTextureAlpha": "false"
          }
        },
        {
          "class": "Part",
          "properties": {
            "angleVelocity": "x:0 y:0 z:0",
            "bloom": "false",
            "booleanOperation": "0",
            "btsKey": "3ae070fd-865b-4ec1-942f-9421202a5999",
            "cameraCollideEnable": "true",
            "collisionUniqueKey": "",
            "customThreshold": "1",
            "density": "2.2",
            "discardAlpha": "1.0",
            "friction": "0.37",
            "id": "8507773263947874305",
            "isLockedInEditor": "false",
            "isVisibleInEditor": "true",
            "lineVelocity": "x:0 y:0 z:0",
            "mass": "1.1657250881195",
            "materialAlpha": "1.0",
            "materialColor": "r:1.0 g:0.29019607843137 b:0.054901960784314 a:1.0",
            "materialOffset": "x:1 y:1 z:1.0",
            "materialTexture": "part_suliao.tga",
            "name": "Part",
            "needSync": "true",
            "partNavMeshType": "1",
            "position": "x:-21 y:1 z:29",
            "restitution": "0.3",
            "rotation": "x:0 y:0 z:0",
            "scale": "x:1.5 y:0.3 z:1.5",
            "selectable": "true",
            "shape": "3",
            "staticBatchNo": "",
            "staticObject": "false",
            "useAnchor": "true",
            "useCollide": "false",
            "useGravity": "false",
            "useTextureAlpha": "false"
          }
        },
        {
          "class": "Part",
          "properties": {
            "angleVelocity": "x:0 y:0 z:0",
            "bloom": "false",
            "booleanOperation": "0",
            "btsKey": "2dd20b95-15b6-430b-ab31-af0aa7694ad3",
            "cameraCollideEnable": "true",
            "collisionUniqueKey": "",
            "customThreshold": "1",
            "density": "2.2",
            "discardAlpha": "1.0",
            "friction": "0.37",
            "id": "8507773263949955073",
            "isLockedInEditor": "false",
            "isVisibleInEditor": "true",
            "lineVelocity": "x:0 y:0 z:0",
            "mass": "1.1657250881195",
            "materialAlpha": "1.0",
            "materialColor": "r:1.0 g:0.29019607843137 b:0.043137254901961 a:1.0",
            "materialOffset": "x:1 y:1 z:1.0",
            "materialTexture": "part_suliao.tga",
            "name": "Part",
            "needSync": "true",
            "partNavMeshType": "1",
            "position": "x:-23 y:1 z:31",
            "restitution": "0.3",
            "rotation": "x:0 y:0 z:0",
            "scale": "x:1.5 y:0.3 z:1.5",
            "selectable": "true",
            "shape": "3",
            "staticBatchNo": "",
            "staticObject": "false",
            "useAnchor": "true",
            "useCollide": "false",
            "useGravity": "false",
            "useTextureAlpha": "false"
          }
        },
        {
          "class": "Part",
          "properties": {
            "angleVelocity": "x:0 y:0 z:0",
            "bloom": "false",
            "booleanOperation": "0",
            "btsKey": "5f8eb1f8-a61a-4a07-a4c9-07c200255b83",
            "cameraCollideEnable": "true",
            "collisionUniqueKey": "",
            "customThreshold": "1",
            "density": "2.2",
            "discardAlpha": "1.0",
            "friction": "0.37",
            "id": "8507773263952035841",
            "isLockedInEditor": "false",
            "isVisibleInEditor": "true",
            "lineVelocity": "x:0 y:0 z:0",
            "mass": "1.1657250881195",
            "materialAlpha": "1.0",
            "materialColor": "r:1.0 g:1.0 b:1.0 a:1.0",
            "materialOffset": "x:1 y:1 z:1.0",
            "materialTexture": "part_suliao.tga",
            "name": "Part",
            "needSync": "true",
            "partNavMeshType": "1",
            "position": "x:-21 y:1 z:31",
            "restitution": "0.3",
            "rotation": "x:0 y:0 z:0",
            "scale": "x:1.5 y:0.3 z:1.5",
            "selectable": "true",
            "shape": "3",
            "staticBatchNo": "",
            "staticObject": "false",
            "useAnchor": "true",
            "useCollide": "true",
            "useGravity": "false",
            "useTextureAlpha": "false"
          }
        }
      ],
      "class": "Model",
      "properties": {
        "id": "8507773263945236481",
        "name": "Model",
        "needSync": "true",
        "position": "x:-22 y:1 z:30",
        "rotation": "x:0 y:0 z:0",
        "scale": "x:1 y:1 z:1",
        "selectable": "true"
      }
    },
    {
      "children": [
        {
          "class": "Decal",
          "properties": {
            "decalAlpha": "1",
            "decalColor": "r:1.0 g:1.0 b:1.0 a:1.0",
            "decalImageType": "2",
            "decalOffset": "x:0 y:0 z:1.0",
            "decalSurface": "4",
            "decalTexture": "asset/Texture/Skill/common/icon_游戏内_上_act.png",
            "decalTiling": "x:1 y:1 z:1.0",
            "id": "8507773437443145729",
            "name": "Decal"
          }
        }
      ],
      "class": "Part",
      "properties": {
        "angleVelocity": "x:0 y:0 z:0",
        "bloom": "false",
        "booleanOperation": "0",
        "btsKey": "59ac52ba-8374-4a37-8999-f81f1cfe5fb3",
        "cameraCollideEnable": "true",
        "cameraEnableCollide": "true",
        "collisionUniqueKey": "",
        "customThreshold": "1",
        "density": "7.9",
        "discardAlpha": "1.0",
        "friction": "0.2",
        "id": "8507773437442768897",
        "isLockedInEditor": "false",
        "isVisibleInEditor": "true",
        "lineVelocity": "x:0 y:0 z:0",
        "mass": "56.880002260208",
        "materialAlpha": "1.0",
        "materialColor": "r:1.0 g:1.0 b:1.0 a:1.0",
        "materialOffset": "x:1 y:1 z:1.0",
        "materialTexture": "part_gangban.tga",
        "name": "checkpoint",
        "needSync": "true",
        "partNavMeshType": "1",
        "position": "x:-22.000068664551 y:1 z:24",
        "restitution": "0",
        "rotation": "x:0 y:-90 z:0",
        "scale": "x:6 y:0.2 z:6",
        "selectable": "true",
        "shape": "1",
        "staticBatchNo": "",
        "staticObject": "false",
        "useAnchor": "true",
        "useCollide": "true",
        "useGravity": "false",
        "useTextureAlpha": "false"
      }
    },
    {
      "children": [
        {
          "class": "Part",
          "properties": {
            "angleVelocity": "x:0 y:0 z:0",
            "bloom": "false",
            "booleanOperation": "0",
            "btsKey": "f7ab5d15-662e-4be9-a705-0c1265f0d7c8",
            "cameraCollideEnable": "true",
            "collisionUniqueKey": "",
            "customThreshold": "1",
            "density": "2.5",
            "discardAlpha": "1.0",
            "friction": "0.6",
            "id": "8539590337588658177",
            "isLockedInEditor": "false",
            "isVisibleInEditor": "true",
            "lineVelocity": "x:0 y:0 z:0",
            "mass": "2.0000000298023",
            "materialAlpha": "0",
            "materialColor": "r:1.0 g:1.0 b:1.0 a:1.0",
            "materialOffset": "x:1 y:1 z:1.0",
            "materialTexture": "part_zhuankuai.tga",
            "name": "Part",
            "needSync": "true",
            "partNavMeshType": "1",
            "position": "x:-22.794998168945 y:5.2999963760376 z:-16.108283996582",
            "restitution": "0.15",
            "rotation": "x:0 y:0 z:0",
            "scale": "x:1 y:0.8 z:1",
            "selectable": "true",
            "shape": "1",
            "staticBatchNo": "",
            "staticObject": "false",
            "useAnchor": "true",
            "useCollide": "false",
            "useGravity": "false",
            "useTextureAlpha": "false"
          }
        },
        {
          "class": "Part",
          "properties": {
            "angleVelocity": "x:0 y:0 z:0",
            "bloom": "false",
            "booleanOperation": "0",
            "btsKey": "e7baa4c3-5783-4526-a232-1b7cf6ba1ce8",
            "cameraCollideEnable": "true",
            "collisionUniqueKey": "",
            "customThreshold": "1",
            "density": "2.5",
            "discardAlpha": "1.0",
            "friction": "0.6",
            "id": "8539590686994202625",
            "isLockedInEditor": "false",
            "isVisibleInEditor": "true",
            "lineVelocity": "x:0 y:0 z:0",
            "mass": "2.0000000298023",
            "materialAlpha": "0",
            "materialColor": "r:1.0 g:1.0 b:1.0 a:1.0",
            "materialOffset": "x:1 y:1 z:1.0",
            "materialTexture": "part_zhuankuai.tga",
            "name": "Part",
            "needSync": "true",
            "partNavMeshType": "1",
            "position": "x:-21.325008392334 y:5.2999963760376 z:-16.108283996582",
            "restitution": "0.15",
            "rotation": "x:0 y:-179.99998474121 z:0",
            "scale": "x:1 y:0.8 z:1",
            "selectable": "true",
            "shape": "1",
            "staticBatchNo": "",
            "staticObject": "false",
            "useAnchor": "true",
            "useCollide": "false",
            "useGravity": "false",
            "useTextureAlpha": "false"
          }
        },
        {
          "class": "Part",
          "properties": {
            "angleVelocity": "x:0 y:0 z:0",
            "bloom": "false",
            "booleanOperation": "0",
            "btsKey": "a41b7d0c-560f-43cc-9ba1-4a518a51e032",
            "cameraCollideEnable": "true",
            "collisionUniqueKey": "",
            "customThreshold": "1",
            "density": "2.5",
            "discardAlpha": "1.0",
            "friction": "0.6",
            "id": "8539590494973509633",
            "isLockedInEditor": "false",
            "isVisibleInEditor": "true",
            "lineVelocity": "x:0 y:0 z:0",
            "mass": "2.0000000298023",
            "materialAlpha": "0",
            "materialColor": "r:1.0 g:1.0 b:1.0 a:1.0",
            "materialOffset": "x:1 y:1 z:1.0",
            "materialTexture": "part_zhuankuai.tga",
            "name": "Part",
            "needSync": "true",
            "partNavMeshType": "1",
            "position": "x:-22.084995269775 y:5.8299970626831 z:-16.108283996582",
            "restitution": "0.15",
            "rotation": "x:0 y:0 z:0",
            "scale": "x:1 y:0.8 z:1",
            "selectable": "true",
            "shape": "1",
            "staticBatchNo": "",
            "staticObject": "false",
            "useAnchor": "true",
            "useCollide": "false",
            "useGravity": "false",
            "useTextureAlpha": "false"
          }
        },
        {
          "class": "Part",
          "properties": {
            "angleVelocity": "x:0 y:0 z:0",
            "bloom": "false",
            "booleanOperation": "0",
            "btsKey": "ca53f384-2be6-4969-bd38-89ebd5f9e858",
            "cameraCollideEnable": "true",
            "collisionUniqueKey": "",
            "customThreshold": "1",
            "density": "2.5",
            "discardAlpha": "1.0",
            "friction": "0.6",
            "id": "8539589756461105153",
            "isLockedInEditor": "false",
            "isVisibleInEditor": "true",
            "lineVelocity": "x:0 y:0 z:0",
            "mass": "7.5",
            "materialAlpha": "0",
            "materialColor": "r:1.0 g:1.0 b:1.0 a:1.0",
            "materialOffset": "x:1 y:1 z:1.0",
            "materialTexture": "part_zhuankuai.tga",
            "name": "Part",
            "needSync": "true",
            "partNavMeshType": "1",
            "position": "x:-23.815002441406 y:2.6000001430511 z:-16.108283996582",
            "restitution": "0.15",
            "rotation": "x:0 y:0 z:0",
            "scale": "x:1 y:3 z:1",
            "selectable": "true",
            "shape": "1",
            "staticBatchNo": "",
            "staticObject": "false",
            "useAnchor": "true",
            "useCollide": "false",
            "useGravity": "false",
            "useTextureAlpha": "false"
          }
        },
        {
          "class": "Part",
          "properties": {
            "angleVelocity": "x:0 y:0 z:0",
            "bloom": "false",
            "booleanOperation": "0",
            "btsKey": "c71e5fcc-b67d-4c46-aee7-40e4bcbd7f5a",
            "cameraCollideEnable": "true",
            "collisionUniqueKey": "",
            "customThreshold": "1",
            "density": "2.5",
            "discardAlpha": "1.0",
            "friction": "0.6",
            "id": "8539590686996217857",
            "isLockedInEditor": "false",
            "isVisibleInEditor": "true",
            "lineVelocity": "x:0 y:0 z:0",
            "mass": "2.0000000298023",
            "materialAlpha": "0",
            "materialColor": "r:1.0 g:1.0 b:1.0 a:1.0",
            "materialOffset": "x:1 y:1 z:1.0",
            "materialTexture": "part_zhuankuai.tga",
            "name": "Part",
            "needSync": "true",
            "partNavMeshType": "1",
            "position": "x:-20.815006256104 y:4.4999980926514 z:-16.108283996582",
            "restitution": "0.15",
            "rotation": "x:0 y:-179.99998474121 z:0",
            "scale": "x:1 y:0.8 z:1",
            "selectable": "true",
            "shape": "1",
            "staticBatchNo": "",
            "staticObject": "false",
            "useAnchor": "true",
            "useCollide": "false",
            "useGravity": "false",
            "useTextureAlpha": "false"
          }
        },
        {
          "class": "Part",
          "properties": {
            "angleVelocity": "x:0 y:0 z:0",
            "bloom": "false",
            "booleanOperation": "0",
            "btsKey": "781407d3-dfa4-4bd3-9add-a51e9d34a062",
            "cameraCollideEnable": "true",
            "collisionUniqueKey": "",
            "customThreshold": "1",
            "density": "2.5",
            "discardAlpha": "1.0",
            "friction": "0.6",
            "id": "8539590686992187393",
            "isLockedInEditor": "false",
            "isVisibleInEditor": "true",
            "lineVelocity": "x:0 y:0 z:0",
            "mass": "7.5",
            "materialAlpha": "0",
            "materialColor": "r:1.0 g:1.0 b:1.0 a:1.0",
            "materialOffset": "x:1 y:1 z:1.0",
            "materialTexture": "part_zhuankuai.tga",
            "name": "Part",
            "needSync": "true",
            "partNavMeshType": "1",
            "position": "x:-20.305004119873 y:2.6000001430511 z:-16.108283996582",
            "restitution": "0.15",
            "rotation": "x:0 y:-179.99998474121 z:0",
            "scale": "x:1 y:3 z:1",
            "selectable": "true",
            "shape": "1",
            "staticBatchNo": "",
            "staticObject": "false",
            "useAnchor": "true",
            "useCollide": "false",
            "useGravity": "false",
            "useTextureAlpha": "false"
          }
        },
        {
          "class": "Part",
          "properties": {
            "angleVelocity": "x:0 y:0 z:0",
            "bloom": "false",
            "booleanOperation": "0",
            "btsKey": "90def43e-00d0-4083-b4cb-7fc962e332ec",
            "cameraCollideEnable": "true",
            "collisionUniqueKey": "",
            "customThreshold": "1",
            "density": "2.5",
            "discardAlpha": "1.0",
            "friction": "0.6",
            "id": "8539590031492759553",
            "isLockedInEditor": "false",
            "isVisibleInEditor": "true",
            "lineVelocity": "x:0 y:0 z:0",
            "mass": "2.0000000298023",
            "materialAlpha": "0",
            "materialColor": "r:1.0 g:1.0 b:1.0 a:1.0",
            "materialOffset": "x:1 y:1 z:1.0",
            "materialTexture": "part_zhuankuai.tga",
            "name": "Part",
            "needSync": "true",
            "partNavMeshType": "1",
            "position": "x:-23.305000305176 y:4.4999980926514 z:-16.108283996582",
            "restitution": "0.15",
            "rotation": "x:0 y:0 z:0",
            "scale": "x:1 y:0.8 z:1",
            "selectable": "true",
            "shape": "1",
            "staticBatchNo": "",
            "staticObject": "false",
            "useAnchor": "true",
            "useCollide": "false",
            "useGravity": "false",
            "useTextureAlpha": "false"
          }
        }
      ],
      "class": "Model",
      "properties": {
        "id": "8539590971298103297",
        "name": "Model",
        "needSync": "true",
        "position": "x:-22.06000328064 y:3.6649990081787 z:-16.108283996582",
        "rotation": "x:0 y:0 z:0",
        "scale": "x:1 y:1 z:1",
        "selectable": "true"
      }
    },
    {
      "class": "Entity",
      "config": "myplugin/player1",
      "properties": {
        "id": "8564344190582292481",
        "name": "Player",
        "needSync": "true",
        "position": "x:1.6236610412598 y:1.0999984741211 z:46.289916992188",
        "rotation": "x:0 y:0 z:0",
        "scale": "x:1 y:1 z:1",
        "selectable": "true"
      }
    }
  ],
  "skyBox": [
    {
      "texture": [
        "@asset/Texture/SkyBox/Common2/Sky03_right.png",
        "@asset/Texture/SkyBox/Common2/Sky03_left.png",
        "@asset/Texture/SkyBox/Common2/Sky03_top.png",
        "@asset/Texture/SkyBox/Common2/Sky03_bottom.png",
        "@asset/Texture/SkyBox/Common2/Sky03_back.png",
        "@asset/Texture/SkyBox/Common2/Sky03_front.png"
      ]
    }
  ],
  "skyBoxRotate": {
    "x": 0,
    "y": 0,
    "z": 0
  },
  "skyBoxTexPixFmt": "RGBA8",
  "skyBoxTexSize": 512,
  "touchPosY": {
    "touchdownPosY": -30.0,
    "touchupPosY": 600
  }
}