{
  "area": [
    [
      0,
      -20
    ],
    [
      0,
      -366
    ],
    [
      0,
      70
    ],
    [
      0,
      70
    ]
  ],
  "area_number": 6,
  "backSwingTime": 0,
  "castAction": "",
  "castActionTime": -1,
  "cdTime": 0,
  "consumeVp": 0,
  "customizeSkill": true,
  "draggingEnabled": false,
  "enable_pre": false,
  "enable_rear": false,
  "enableMoveBrkBackS": false,
  "enableMoveBrkPreS": false,
  "frontSight": "",
  "horizontalAlignment": 2,
  "icon": "@asset/Texture/Skill/common/maxHp.png",
  "ignoreCastSkillBackS": false,
  "ignoreCastSkillPreS": true,
  "ignoreJumpBackS": false,
  "ignoreJumpPreS": false,
  "ignoreMoveBackS": false,
  "ignoreMovePreS": false,
  "isClick": false,
  "isTouch": false,
  "preSwingTime": 0,
  "sensitivityFactor": 1,
  "startAction": "",
  "startActionTime": 0,
  "sustainAction": "",
  "type": "Base",
  "verticalAlignment": 2
}