{
  "canAbandon": false,
  "candrop": false,
  "canEquipPlural": true,
  "canUse": false,
  "handItemBoneName": "s_hand_r",
  "icon": "@asset/Texture/Item/AWM.png",
  "itemintroduction": "cbe8297c-585b-424c-9593-72be2a33f226",
  "itemname": "cbfa35ee-3793-427e-a7a5-86c84fee982f",
  "mesh": "asset/Mesh/AWP/gun_69.mesh",
  "needSave": true,
  "skill": [
    "myplugin/shoot3"
  ],
  "stack_count_max": 1,
  "syncGameData": {
    "currentCapacity": true,
    "extCapacity": true
  },
  "trap": false
}