{
  "canBreak": true,
  "hideCloud": true,
  "moveDownGravity": 0.15,
  "scene": [
    {
      "class": "VoxelTerrain",
      "properties": {
        "id": "8539954023041908737",
        "name": "VoxelTerrain",
        "uniqueKey": ""
      }
    },
    {
      "class": "Entity",
      "config": "myplugin/player1",
      "properties": {
        "id": "8539954200234868737",
        "name": "Người chơi",
        "needSync": "true",
        "position": "x:0 y:1.5 z:0",
        "rotation": "x:0 y:0 z:0",
        "scale": "x:1 y:1 z:1",
        "selectable": "true"
      }
    },
    {
      "class": "RegionPart",
      "properties": {
        "cfgName": "myplugin/5eac2233-8ed9-432a-be13-ae810328aa45",
        "id": "8539956077628276737",
        "name": "Region",
        "needSync": "true",
        "position": "x:0 y:3.5699005126953 z:0",
        "rotation": "x:0 y:0 z:0",
        "scale": "x:5 y:5 z:5",
        "selectable": "true"
      }
    }
  ],
  "skyBox": [
    {
      "texture": [
        "@asset/Texture/SkyBox/Common2/Sky03_right.png",
        "@asset/Texture/SkyBox/Common2/Sky03_left.png",
        "@asset/Texture/SkyBox/Common2/Sky03_top.png",
        "@asset/Texture/SkyBox/Common2/Sky03_bottom.png",
        "@asset/Texture/SkyBox/Common2/Sky03_back.png",
        "@asset/Texture/SkyBox/Common2/Sky03_front.png"
      ]
    }
  ],
  "skyBoxRotate": {
    "x": 0,
    "y": 0,
    "z": 0
  },
  "skyBoxTexPixFmt": "RGBA8",
  "skyBoxTexSize": 512,
  "touchPosY": {
    "touchdownPosY": -30.0,
    "touchupPosY": 720.0
  }
}