{
  "area": [
    [
      0,
      -228
    ],
    [
      0,
      -68
    ],
    [
      0,
      88
    ],
    [
      0,
      88
    ]
  ],
  "area_number": 7,
  "backSwingTime": 0,
  "castAction": "",
  "castActionTime": -1,
  "cdTime": 60,
  "consumeVp": 0,
  "customizeSkill": true,
  "damage": 0,
  "dmgFactor": 0,
  "draggingEnabled": false,
  "enable_pre": false,
  "enable_rear": false,
  "enableMoveBrkBackS": false,
  "enableMoveBrkPreS": false,
  "frontSight": "",
  "horizontalAlignment": 2,
  "hurtDistance": 0.5,
  "ignoreCastSkillBackS": false,
  "ignoreCastSkillPreS": true,
  "ignoreJumpBackS": false,
  "ignoreJumpPreS": false,
  "ignoreMoveBackS": false,
  "ignoreMovePreS": false,
  "isClick": true,
  "isTouch": false,
  "preSwingTime": 0,
  "range": 4,
  "sensitivityFactor": 1,
  "startAction": "",
  "startActionTime": 0,
  "sustainAction": "",
  "type": "MeleeAttack",
  "verticalAlignment": 2
}